Dataset, #TrainingReleases, Classifier, FeatureSelection, Balancing, CostSensitive, TruePositive, FalsePositive, TrueNegative, FalseNegative, Precision, Recall, AUC, Kappa, FMeasure
SYNCOPE,2,NaiveBayes,NONE,NONE,NONE,0.0,0.0,481.0,10.0,NaN,0.0,0.6437629937629937,0.0,NaN
SYNCOPE,2,NaiveBayes,BESTFIRST,NONE,NONE,0.0,0.0,481.0,10.0,NaN,0.0,0.518918918918919,0.0,NaN
SYNCOPE,2,NaiveBayes,NONE,SMOTE,NONE,0.0,0.0,481.0,10.0,NaN,0.0,0.6441787941787942,0.0,NaN
SYNCOPE,2,NaiveBayes,NONE,OVERSAMPLING,NONE,0.0,0.0,481.0,10.0,NaN,0.0,0.6453222453222454,0.0,NaN
SYNCOPE,2,NaiveBayes,NONE,UNDERSAMPLING,NONE,1.0,56.0,425.0,9.0,0.017543859649122806,0.1,0.6296257796257796,-0.004975281040400507,0.029850746268656716
SYNCOPE,2,NaiveBayes,NONE,NONE,COST_SENSITIVE_CLASSIFIER,0.0,0.0,481.0,10.0,NaN,0.0,0.5,0.0,NaN
SYNCOPE,3,NaiveBayes,NONE,NONE,NONE,0.0,0.0,482.0,9.0,NaN,0.0,0.5771092669432918,0.0,NaN
SYNCOPE,3,NaiveBayes,BESTFIRST,NONE,NONE,0.0,0.0,482.0,9.0,NaN,0.0,0.495850622406639,0.0,NaN
SYNCOPE,3,NaiveBayes,NONE,SMOTE,NONE,0.0,0.0,482.0,9.0,NaN,0.0,0.5790686952512679,0.0,NaN
SYNCOPE,3,NaiveBayes,NONE,OVERSAMPLING,NONE,0.0,0.0,482.0,9.0,NaN,0.0,0.5782618718303366,0.0,NaN
SYNCOPE,3,NaiveBayes,NONE,UNDERSAMPLING,NONE,0.0,21.0,461.0,9.0,0.0,0.0,0.5484094052558783,-0.026337792642139497,0.0
SYNCOPE,3,NaiveBayes,NONE,NONE,COST_SENSITIVE_CLASSIFIER,0.0,0.0,482.0,9.0,NaN,0.0,0.5,0.0,NaN
SYNCOPE,4,NaiveBayes,NONE,NONE,NONE,0.0,31.0,475.0,14.0,0.0,0.0,0.48743647656691136,-0.03852298952600788,0.0
SYNCOPE,4,NaiveBayes,BESTFIRST,NONE,NONE,0.0,40.0,466.0,14.0,0.0,0.0,0.5275268210050819,-0.04154302670623122,0.0
SYNCOPE,4,NaiveBayes,NONE,SMOTE,NONE,0.0,42.0,464.0,14.0,0.0,0.0,0.48757763975155277,-0.04208416833667251,0.0
SYNCOPE,4,NaiveBayes,NONE,OVERSAMPLING,NONE,0.0,37.0,469.0,14.0,0.0,0.0,0.48870694522868435,-0.040652958719195914,0.0
SYNCOPE,4,NaiveBayes,NONE,UNDERSAMPLING,NONE,1.0,64.0,442.0,13.0,0.015384615384615385,0.07142857142857142,0.528020892151327,-0.019867549668874097,0.02531645569620253
SYNCOPE,4,NaiveBayes,NONE,NONE,COST_SENSITIVE_CLASSIFIER,0.0,37.0,469.0,14.0,0.0,0.0,0.4634387351778656,-0.040652958719195914,0.0
SYNCOPE,5,NaiveBayes,NONE,NONE,NONE,20.0,31.0,429.0,106.0,0.39215686274509803,0.15873015873015872,0.6785541752933058,0.11651810278419716,0.22598870056497172
SYNCOPE,5,NaiveBayes,BESTFIRST,NONE,NONE,5.0,4.0,456.0,121.0,0.5555555555555556,0.03968253968253968,0.741123188405797,0.04674526951406804,0.07407407407407407
SYNCOPE,5,NaiveBayes,NONE,SMOTE,NONE,22.0,33.0,427.0,104.0,0.4,0.1746031746031746,0.6826000690131125,0.12931913324512476,0.24309392265193372
SYNCOPE,5,NaiveBayes,NONE,OVERSAMPLING,NONE,25.0,36.0,424.0,101.0,0.4098360655737705,0.1984126984126984,0.6781832298136646,0.14783993206665946,0.26737967914438504
SYNCOPE,5,NaiveBayes,NONE,UNDERSAMPLING,NONE,70.0,133.0,327.0,56.0,0.3448275862068966,0.5555555555555556,0.6929434092477571,0.21804882870416126,0.4255319148936171
SYNCOPE,5,NaiveBayes,NONE,NONE,COST_SENSITIVE_CLASSIFIER,29.0,42.0,418.0,97.0,0.4084507042253521,0.23015873015873015,0.5694271911663216,0.1650025627883137,0.29441624365482233
SYNCOPE,6,NaiveBayes,NONE,NONE,NONE,10.0,10.0,533.0,71.0,0.5,0.12345679012345678,0.7547575199508901,0.15455640305098342,0.198019801980198
SYNCOPE,6,NaiveBayes,BESTFIRST,NONE,NONE,5.0,5.0,538.0,76.0,0.5,0.06172839506172839,0.7450946956778756,0.0837502719164672,0.10989010989010987
SYNCOPE,6,NaiveBayes,NONE,SMOTE,NONE,10.0,8.0,535.0,71.0,0.5555555555555556,0.12345679012345678,0.7120023645499397,0.16248725790010202,0.20202020202020202
SYNCOPE,6,NaiveBayes,NONE,OVERSAMPLING,NONE,9.0,6.0,537.0,72.0,0.6,0.1111111111111111,0.7534843007525635,0.1531475101785153,0.18750000000000003
SYNCOPE,6,NaiveBayes,NONE,UNDERSAMPLING,NONE,38.0,88.0,455.0,43.0,0.30158730158730157,0.4691358024691358,0.7298501693836255,0.248372503586009,0.3671497584541063
SYNCOPE,6,NaiveBayes,NONE,NONE,COST_SENSITIVE_CLASSIFIER,14.0,17.0,526.0,67.0,0.45161290322580644,0.1728395061728395,0.5707659777641362,0.1919341411525302,0.25
SYNCOPE,7,NaiveBayes,NONE,NONE,NONE,0.0,1.0,574.0,63.0,0.0,0.0,0.7254382332643202,-0.0030953667763957775,0.0
SYNCOPE,7,NaiveBayes,BESTFIRST,NONE,NONE,0.0,0.0,575.0,63.0,NaN,0.0,0.47391304347826085,0.0,NaN
SYNCOPE,7,NaiveBayes,NONE,SMOTE,NONE,0.0,1.0,574.0,63.0,0.0,0.0,0.7255210489993099,-0.0030953667763957775,0.0
SYNCOPE,7,NaiveBayes,NONE,OVERSAMPLING,NONE,1.0,1.0,574.0,62.0,0.5,0.015873015873015872,0.7255210489993099,0.024843514969187814,0.03076923076923077
SYNCOPE,7,NaiveBayes,NONE,UNDERSAMPLING,NONE,2.0,1.0,574.0,61.0,0.6666666666666666,0.031746031746031744,0.7280055210489993,0.052096812844476946,0.06060606060606061
SYNCOPE,7,NaiveBayes,NONE,NONE,COST_SENSITIVE_CLASSIFIER,2.0,1.0,574.0,61.0,0.6666666666666666,0.031746031746031744,0.5150034506556246,0.052096812844476946,0.06060606060606061
SYNCOPE,8,NaiveBayes,NONE,NONE,NONE,33.0,83.0,484.0,45.0,0.28448275862068967,0.4230769230769231,0.7525776692443359,0.22865631481585305,0.3402061855670103
SYNCOPE,8,NaiveBayes,BESTFIRST,NONE,NONE,0.0,0.0,567.0,78.0,NaN,0.0,0.4991181657848324,0.0,NaN
SYNCOPE,8,NaiveBayes,NONE,SMOTE,NONE,33.0,92.0,475.0,45.0,0.264,0.4230769230769231,0.7540247818025596,0.20702651770090214,0.3251231527093596
SYNCOPE,8,NaiveBayes,NONE,OVERSAMPLING,NONE,36.0,104.0,463.0,42.0,0.2571428571428571,0.46153846153846156,0.7532899199565867,0.20712301086132848,0.33027522935779813
SYNCOPE,8,NaiveBayes,NONE,UNDERSAMPLING,NONE,53.0,168.0,399.0,25.0,0.2398190045248869,0.6794871794871795,0.7519219463663908,0.21400564468774286,0.35451505016722407
SYNCOPE,8,NaiveBayes,NONE,NONE,COST_SENSITIVE_CLASSIFIER,37.0,118.0,449.0,41.0,0.23870967741935484,0.47435897435897434,0.6331230497897165,0.18674913762340906,0.3175965665236052
SYNCOPE,9,NaiveBayes,NONE,NONE,NONE,6.0,2.0,570.0,67.0,0.75,0.0821917808219178,0.7417017913593256,0.1286684809209626,0.14814814814814814
SYNCOPE,9,NaiveBayes,BESTFIRST,NONE,NONE,0.0,0.0,572.0,73.0,NaN,0.0,0.5444487019829486,0.0,NaN
SYNCOPE,9,NaiveBayes,NONE,SMOTE,NONE,7.0,2.0,570.0,66.0,0.7777777777777778,0.0958904109589041,0.7468747006418239,0.14960446719404363,0.17073170731707316
SYNCOPE,9,NaiveBayes,NONE,OVERSAMPLING,NONE,6.0,2.0,570.0,67.0,0.75,0.0821917808219178,0.7346249640770188,0.1286684809209626,0.14814814814814814
SYNCOPE,9,NaiveBayes,NONE,UNDERSAMPLING,NONE,9.0,5.0,567.0,64.0,0.6428571428571429,0.1232876712328767,0.7495808985535013,0.17691553697915685,0.20689655172413793
SYNCOPE,9,NaiveBayes,NONE,NONE,COST_SENSITIVE_CLASSIFIER,10.0,3.0,569.0,63.0,0.7692307692307693,0.136986301369863,0.5658707730625538,0.20536847606958825,0.23255813953488372
SYNCOPE,10,NaiveBayes,NONE,NONE,NONE,2.0,2.0,571.0,71.0,0.5,0.0273972602739726,0.7299242152573573,0.040685137719191564,0.051948051948051945
SYNCOPE,10,NaiveBayes,BESTFIRST,NONE,NONE,3.0,5.0,568.0,70.0,0.375,0.0410958904109589,0.7303903990054746,0.052934047460807265,0.07407407407407407
SYNCOPE,10,NaiveBayes,NONE,SMOTE,NONE,2.0,2.0,571.0,71.0,0.5,0.0273972602739726,0.7332114083530565,0.040685137719191564,0.051948051948051945
SYNCOPE,10,NaiveBayes,NONE,OVERSAMPLING,NONE,2.0,1.0,572.0,71.0,0.6666666666666666,0.0273972602739726,0.7238757799612708,0.04410374450244586,0.05263157894736842
SYNCOPE,10,NaiveBayes,NONE,UNDERSAMPLING,NONE,6.0,8.0,565.0,67.0,0.42857142857142855,0.0821917808219178,0.6973630734657773,0.10539532479042772,0.13793103448275865
SYNCOPE,10,NaiveBayes,NONE,NONE,COST_SENSITIVE_CLASSIFIER,3.0,6.0,567.0,70.0,0.3333333333333333,0.0410958904109589,0.5153123431112386,0.04959541600526513,0.07317073170731707
SYNCOPE,11,NaiveBayes,NONE,NONE,NONE,4.0,36.0,548.0,62.0,0.1,0.06060606060606061,0.6902760481527604,-0.001257466205595979,0.07547169811320756
SYNCOPE,11,NaiveBayes,BESTFIRST,NONE,NONE,9.0,49.0,535.0,57.0,0.15517241379310345,0.13636363636363635,0.6907300747198007,0.05543978942750597,0.14516129032258066
SYNCOPE,11,NaiveBayes,NONE,SMOTE,NONE,6.0,37.0,547.0,60.0,0.13953488372093023,0.09090909090909091,0.6903538812785388,0.03258968300242403,0.11009174311926605
SYNCOPE,11,NaiveBayes,NONE,OVERSAMPLING,NONE,6.0,37.0,547.0,60.0,0.13953488372093023,0.09090909090909091,0.6838677874636778,0.03258968300242403,0.11009174311926605
SYNCOPE,11,NaiveBayes,NONE,UNDERSAMPLING,NONE,8.0,37.0,547.0,58.0,0.17777777777777778,0.12121212121212122,0.6853206724782067,0.06736142576650032,0.14414414414414414
SYNCOPE,11,NaiveBayes,NONE,NONE,COST_SENSITIVE_CLASSIFIER,8.0,43.0,541.0,58.0,0.1568627450980392,0.12121212121212122,0.5237909921129099,0.05291554863094744,0.13675213675213677
SYNCOPE,12,NaiveBayes,NONE,NONE,NONE,3.0,2.0,555.0,94.0,0.6,0.030927835051546393,0.6368894482592682,0.04493595789345575,0.058823529411764705
SYNCOPE,12,NaiveBayes,BESTFIRST,NONE,NONE,6.0,6.0,551.0,91.0,0.5,0.061855670103092786,0.6374632141997816,0.08004872531105886,0.11009174311926606
SYNCOPE,12,NaiveBayes,NONE,SMOTE,NONE,4.0,2.0,555.0,93.0,0.6666666666666666,0.041237113402061855,0.6358992392974143,0.06145200761352245,0.07766990291262137
SYNCOPE,12,NaiveBayes,NONE,OVERSAMPLING,NONE,3.0,2.0,555.0,94.0,0.6,0.030927835051546393,0.636102833663403,0.04493595789345575,0.058823529411764705
SYNCOPE,12,NaiveBayes,NONE,UNDERSAMPLING,NONE,5.0,3.0,554.0,92.0,0.625,0.05154639175257732,0.6390086805234226,0.0743168747578887,0.09523809523809522
SYNCOPE,12,NaiveBayes,NONE,NONE,COST_SENSITIVE_CLASSIFIER,5.0,3.0,554.0,92.0,0.625,0.05154639175257732,0.5230801976716208,0.0743168747578887,0.09523809523809522
SYNCOPE,13,NaiveBayes,NONE,NONE,NONE,11.0,14.0,567.0,64.0,0.44,0.14666666666666667,0.672346528973035,0.17270816491511706,0.22
SYNCOPE,13,NaiveBayes,BESTFIRST,NONE,NONE,12.0,14.0,567.0,63.0,0.46153846153846156,0.16,0.6879403327596099,0.1899416255051634,0.2376237623762376
SYNCOPE,13,NaiveBayes,NONE,SMOTE,NONE,1.0,1.0,580.0,74.0,0.5,0.013333333333333334,0.6651635111876075,0.020154544730342498,0.025974025974025976
SYNCOPE,13,NaiveBayes,NONE,OVERSAMPLING,NONE,11.0,14.0,567.0,64.0,0.44,0.14666666666666667,0.6729087779690189,0.17270816491511706,0.22
SYNCOPE,13,NaiveBayes,NONE,UNDERSAMPLING,NONE,7.0,5.0,576.0,68.0,0.5833333333333334,0.09333333333333334,0.6639586919104992,0.13359386307714544,0.16091954022988506
SYNCOPE,13,NaiveBayes,NONE,NONE,COST_SENSITIVE_CLASSIFIER,15.0,16.0,565.0,60.0,0.4838709677419355,0.2,0.5862306368330464,0.2316370249360417,0.28301886792452835
SYNCOPE,14,NaiveBayes,NONE,NONE,NONE,26.0,43.0,553.0,67.0,0.37681159420289856,0.27956989247311825,0.7389315869235765,0.2327704891480403,0.32098765432098764
SYNCOPE,14,NaiveBayes,BESTFIRST,NONE,NONE,18.0,13.0,583.0,75.0,0.5806451612903226,0.1935483870967742,0.7725788410189796,0.23896071294088111,0.2903225806451613
SYNCOPE,14,NaiveBayes,NONE,SMOTE,NONE,30.0,47.0,549.0,63.0,0.38961038961038963,0.3225806451612903,0.7416197589665873,0.2628005602676836,0.3529411764705882
SYNCOPE,14,NaiveBayes,NONE,OVERSAMPLING,NONE,27.0,44.0,552.0,66.0,0.38028169014084506,0.2903225806451613,0.7378942050948979,0.24050506062731739,0.32926829268292684
SYNCOPE,14,NaiveBayes,NONE,UNDERSAMPLING,NONE,32.0,64.0,532.0,61.0,0.3333333333333333,0.34408602150537637,0.7323915710471242,0.23352467405330832,0.3386243386243386
SYNCOPE,14,NaiveBayes,NONE,NONE,COST_SENSITIVE_CLASSIFIER,32.0,63.0,533.0,61.0,0.3368421052631579,0.34408602150537637,0.6191906617593996,0.23623750692817916,0.3404255319148936
SYNCOPE,15,NaiveBayes,NONE,NONE,NONE,8.0,80.0,623.0,11.0,0.09090909090909091,0.42105263157894735,0.7797409597963615,0.11105398457583532,0.14953271028037382
SYNCOPE,15,NaiveBayes,BESTFIRST,NONE,NONE,7.0,18.0,685.0,12.0,0.28,0.3684210526315789,0.850415512465374,0.2971639950678174,0.3181818181818182
SYNCOPE,15,NaiveBayes,NONE,SMOTE,NONE,9.0,85.0,618.0,10.0,0.09574468085106383,0.47368421052631576,0.7804521973497043,0.1207988309790552,0.15929203539823006
SYNCOPE,15,NaiveBayes,NONE,OVERSAMPLING,NONE,8.0,80.0,623.0,11.0,0.09090909090909091,0.42105263157894735,0.779591225574605,0.11105398457583532,0.14953271028037382
SYNCOPE,15,NaiveBayes,NONE,UNDERSAMPLING,NONE,9.0,102.0,601.0,10.0,0.08108108108108109,0.47368421052631576,0.7779067155798458,0.0979228486646889,0.13846153846153847
SYNCOPE,15,NaiveBayes,NONE,NONE,COST_SENSITIVE_CLASSIFIER,9.0,93.0,610.0,10.0,0.08823529411764706,0.47368421052631576,0.670697012802276,0.10923987255348225,0.14876033057851243
SYNCOPE,16,NaiveBayes,NONE,NONE,NONE,8.0,7.0,663.0,46.0,0.5333333333333333,0.14814814814814814,0.7664593698175788,0.20614035087719285,0.2318840579710145
SYNCOPE,16,NaiveBayes,BESTFIRST,NONE,NONE,10.0,19.0,651.0,44.0,0.3448275862068966,0.18518518518518517,0.7663626312880044,0.1992275280898876,0.24096385542168677
SYNCOPE,16,NaiveBayes,NONE,SMOTE,NONE,8.0,8.0,662.0,46.0,0.5,0.14814814814814814,0.7666528468767275,0.20134008824971403,0.22857142857142856
SYNCOPE,16,NaiveBayes,NONE,OVERSAMPLING,NONE,8.0,6.0,664.0,46.0,0.5714285714285714,0.14814814814814814,0.7660862354892206,0.2110645431684825,0.23529411764705882
SYNCOPE,16,NaiveBayes,NONE,UNDERSAMPLING,NONE,9.0,11.0,659.0,45.0,0.45,0.16666666666666666,0.7660585959093422,0.2114516881904463,0.24324324324324323
SYNCOPE,16,NaiveBayes,NONE,NONE,COST_SENSITIVE_CLASSIFIER,9.0,11.0,659.0,45.0,0.45,0.16666666666666666,0.5751243781094527,0.2114516881904463,0.24324324324324323
SYNCOPE,17,NaiveBayes,NONE,NONE,NONE,6.0,84.0,683.0,14.0,0.06666666666666667,0.3,0.7933181225554107,0.07043509702301995,0.1090909090909091
SYNCOPE,17,NaiveBayes,BESTFIRST,NONE,NONE,5.0,40.0,727.0,15.0,0.1111111111111111,0.25,0.8203389830508474,0.12298652618782242,0.15384615384615383
SYNCOPE,17,NaiveBayes,NONE,SMOTE,NONE,6.0,90.0,677.0,14.0,0.0625,0.3,0.7897979139504563,0.06408086721858867,0.10344827586206896
SYNCOPE,17,NaiveBayes,NONE,OVERSAMPLING,NONE,6.0,85.0,682.0,14.0,0.06593406593406594,0.3,0.7895697522816167,0.06932881015803183,0.10810810810810811
SYNCOPE,17,NaiveBayes,NONE,UNDERSAMPLING,NONE,7.0,93.0,674.0,13.0,0.07,0.35,0.7891786179921774,0.07759840778416643,0.11666666666666668
SYNCOPE,17,NaiveBayes,NONE,NONE,COST_SENSITIVE_CLASSIFIER,7.0,94.0,673.0,13.0,0.06930693069306931,0.35,0.613722294654498,0.0765240659304506,0.11570247933884298
SYNCOPE,18,NaiveBayes,NONE,NONE,NONE,5.0,70.0,583.0,12.0,0.06666666666666667,0.29411764705882354,0.79335195027475,0.07023184972076446,0.10869565217391304
SYNCOPE,18,NaiveBayes,BESTFIRST,NONE,NONE,4.0,23.0,630.0,13.0,0.14814814814814814,0.23529411764705882,0.8220881001711557,0.15552132203627245,0.1818181818181818
SYNCOPE,18,NaiveBayes,NONE,SMOTE,NONE,5.0,77.0,576.0,12.0,0.06097560975609756,0.29411764705882354,0.794883343842897,0.061565578672374645,0.10101010101010101
SYNCOPE,18,NaiveBayes,NONE,OVERSAMPLING,NONE,5.0,74.0,579.0,12.0,0.06329113924050633,0.29411764705882354,0.7968651472840285,0.06512639127754148,0.10416666666666667
SYNCOPE,18,NaiveBayes,NONE,UNDERSAMPLING,NONE,6.0,83.0,570.0,11.0,0.06741573033707865,0.35294117647058826,0.7939825240969282,0.07374180074712482,0.11320754716981131
SYNCOPE,18,NaiveBayes,NONE,NONE,COST_SENSITIVE_CLASSIFIER,6.0,83.0,570.0,11.0,0.06741573033707865,0.35294117647058826,0.612917755157193,0.07374180074712482,0.11320754716981131
SYNCOPE,19,NaiveBayes,NONE,NONE,NONE,5.0,28.0,743.0,36.0,0.15151515151515152,0.12195121951219512,0.8220556135522444,0.09435014464466181,0.13513513513513514
SYNCOPE,19,NaiveBayes,BESTFIRST,NONE,NONE,5.0,24.0,747.0,36.0,0.1724137931034483,0.12195121951219512,0.8275125747366423,0.10543130990415328,0.14285714285714285
SYNCOPE,19,NaiveBayes,NONE,SMOTE,NONE,5.0,26.0,745.0,36.0,0.16129032258064516,0.12195121951219512,0.8227832083768308,0.09974607489002528,0.1388888888888889
SYNCOPE,19,NaiveBayes,NONE,OVERSAMPLING,NONE,5.0,28.0,743.0,36.0,0.15151515151515152,0.12195121951219512,0.8157603365916928,0.09435014464466181,0.13513513513513514
SYNCOPE,19,NaiveBayes,NONE,UNDERSAMPLING,NONE,8.0,36.0,735.0,33.0,0.18181818181818182,0.1951219512195122,0.8181329284109962,0.14345991561181395,0.18823529411764706
SYNCOPE,19,NaiveBayes,NONE,NONE,COST_SENSITIVE_CLASSIFIER,8.0,35.0,736.0,33.0,0.18604651162790697,0.1951219512195122,0.5748631805384201,0.146346742524968,0.1904761904761905
SYNCOPE,20,NaiveBayes,NONE,NONE,NONE,5.0,61.0,739.0,13.0,0.07575757575757576,0.2777777777777778,0.8327083333333334,0.08749397009165404,0.11904761904761905
SYNCOPE,20,NaiveBayes,BESTFIRST,NONE,NONE,6.0,63.0,737.0,12.0,0.08695652173913043,0.3333333333333333,0.8434027777777777,0.1067528610116193,0.13793103448275862
SYNCOPE,20,NaiveBayes,NONE,SMOTE,NONE,5.0,63.0,737.0,13.0,0.07352941176470588,0.2777777777777778,0.8323611111111111,0.08441826215022068,0.11627906976744186
SYNCOPE,20,NaiveBayes,NONE,OVERSAMPLING,NONE,5.0,60.0,740.0,13.0,0.07692307692307693,0.2777777777777778,0.8321875,0.08908685968819632,0.12048192771084337
SYNCOPE,20,NaiveBayes,NONE,UNDERSAMPLING,NONE,5.0,67.0,733.0,13.0,0.06944444444444445,0.2777777777777778,0.8332986111111111,0.07867319930168415,0.11111111111111113
SYNCOPE,20,NaiveBayes,NONE,NONE,COST_SENSITIVE_CLASSIFIER,5.0,69.0,731.0,13.0,0.06756756756756757,0.2777777777777778,0.5957638888888889,0.07598633458232372,0.10869565217391305
SYNCOPE,21,NaiveBayes,NONE,NONE,NONE,3.0,249.0,1290.0,9.0,0.011904761904761904,0.25,0.47625622698722114,0.008076030697840264,0.022727272727272724
SYNCOPE,21,NaiveBayes,BESTFIRST,NONE,NONE,1.0,57.0,1482.0,11.0,0.017241379310344827,0.08333333333333333,0.5706356941737059,0.015954766836477136,0.028571428571428574
SYNCOPE,21,NaiveBayes,NONE,SMOTE,NONE,3.0,271.0,1268.0,9.0,0.010948905109489052,0.25,0.47644574398960365,0.006246996636232957,0.02097902097902098
SYNCOPE,21,NaiveBayes,NONE,OVERSAMPLING,NONE,3.0,251.0,1288.0,9.0,0.011811023622047244,0.25,0.47300736408923544,0.007897261790537508,0.02255639097744361
SYNCOPE,21,NaiveBayes,NONE,UNDERSAMPLING,NONE,3.0,329.0,1210.0,9.0,0.009036144578313253,0.25,0.47909898202295864,0.0025457783460429424,0.01744186046511628
SYNCOPE,21,NaiveBayes,NONE,NONE,COST_SENSITIVE_CLASSIFIER,3.0,315.0,1224.0,9.0,0.009433962264150943,0.25,0.5226608187134503,0.003320124236907134,0.01818181818181818
SYNCOPE,22,NaiveBayes,NONE,NONE,NONE,26.0,211.0,733.0,11.0,0.10970464135021098,0.7027027027027027,0.8131012368300504,0.1332266692138692,0.18978102189781024
SYNCOPE,22,NaiveBayes,BESTFIRST,NONE,NONE,8.0,27.0,917.0,29.0,0.22857142857142856,0.21621621621621623,0.7961950297755382,0.19261632521089905,0.22222222222222224
SYNCOPE,22,NaiveBayes,NONE,SMOTE,NONE,28.0,230.0,714.0,9.0,0.10852713178294573,0.7567567567567568,0.8128006184150252,0.13260674132362582,0.18983050847457628
SYNCOPE,22,NaiveBayes,NONE,OVERSAMPLING,NONE,26.0,205.0,739.0,11.0,0.11255411255411256,0.7027027027027027,0.813430485570316,0.13798237691913387,0.1940298507462687
SYNCOPE,22,NaiveBayes,NONE,UNDERSAMPLING,NONE,30.0,333.0,611.0,7.0,0.08264462809917356,0.8108108108108109,0.8070888685295465,0.08753672668778616,0.15
SYNCOPE,22,NaiveBayes,NONE,NONE,COST_SENSITIVE_CLASSIFIER,29.0,273.0,671.0,8.0,0.09602649006622517,0.7837837837837838,0.7472944342647733,0.11137580550012714,0.1710914454277286
SYNCOPE,23,NaiveBayes,NONE,NONE,NONE,12.0,88.0,942.0,48.0,0.12,0.2,0.7166423948220064,0.08719211822660065,0.15
SYNCOPE,23,NaiveBayes,BESTFIRST,NONE,NONE,6.0,16.0,1014.0,54.0,0.2727272727272727,0.1,0.7561569579288026,0.12035969564215003,0.14634146341463417
SYNCOPE,23,NaiveBayes,NONE,SMOTE,NONE,15.0,98.0,932.0,45.0,0.13274336283185842,0.25,0.7166747572815534,0.10936517913262055,0.17341040462427748
SYNCOPE,23,NaiveBayes,NONE,OVERSAMPLING,NONE,12.0,86.0,944.0,48.0,0.12244897959183673,0.2,0.7175889967637541,0.08974199177365089,0.15189873417721522
SYNCOPE,23,NaiveBayes,NONE,UNDERSAMPLING,NONE,20.0,100.0,930.0,40.0,0.16666666666666666,0.3333333333333333,0.7212621359223301,0.16061606160616054,0.2222222222222222
SYNCOPE,23,NaiveBayes,NONE,NONE,COST_SENSITIVE_CLASSIFIER,17.0,109.0,921.0,43.0,0.1349206349206349,0.2833333333333333,0.5887540453074434,0.11693849269800641,0.18279569892473116
SYNCOPE,24,NaiveBayes,NONE,NONE,NONE,20.0,63.0,1046.0,55.0,0.24096385542168675,0.26666666666666666,0.7681815449353773,0.1999175361638283,0.2531645569620253
SYNCOPE,24,NaiveBayes,BESTFIRST,NONE,NONE,12.0,30.0,1079.0,63.0,0.2857142857142857,0.16,0.7579801623083859,0.1672565568563399,0.20512820512820512
SYNCOPE,24,NaiveBayes,NONE,SMOTE,NONE,23.0,69.0,1040.0,52.0,0.25,0.30666666666666664,0.7676284941388638,0.22108651211343602,0.2754491017964072
SYNCOPE,24,NaiveBayes,NONE,OVERSAMPLING,NONE,22.0,66.0,1043.0,53.0,0.25,0.29333333333333333,0.7672257288848813,0.21633888048411432,0.26993865030674846
SYNCOPE,24,NaiveBayes,NONE,UNDERSAMPLING,NONE,26.0,88.0,1021.0,49.0,0.22807017543859648,0.3466666666666667,0.7690351668169522,0.2151580251214462,0.2751322751322751
SYNCOPE,24,NaiveBayes,NONE,NONE,COST_SENSITIVE_CLASSIFIER,25.0,83.0,1026.0,50.0,0.23148148148148148,0.3333333333333333,0.6292455665764953,0.21449379464463922,0.273224043715847
SYNCOPE,25,NaiveBayes,NONE,NONE,NONE,38.0,297.0,1102.0,41.0,0.11343283582089553,0.4810126582278481,0.7151491571737498,0.10626482658928502,0.18357487922705318
SYNCOPE,25,NaiveBayes,BESTFIRST,NONE,NONE,24.0,90.0,1309.0,55.0,0.21052631578947367,0.3037974683544304,0.7494322345979497,0.19806766900412334,0.2487046632124352
SYNCOPE,25,NaiveBayes,NONE,SMOTE,NONE,43.0,363.0,1036.0,36.0,0.10591133004926108,0.5443037974683544,0.7158141891586214,0.0964635151574579,0.17731958762886596
SYNCOPE,25,NaiveBayes,NONE,OVERSAMPLING,NONE,39.0,299.0,1100.0,40.0,0.11538461538461539,0.4936708860759494,0.7138100451497905,0.1099264196460612,0.18705035971223025
SYNCOPE,25,NaiveBayes,NONE,UNDERSAMPLING,NONE,47.0,423.0,976.0,32.0,0.1,0.5949367088607594,0.7158141891586214,0.08773105504624497,0.17122040072859745
SYNCOPE,25,NaiveBayes,NONE,NONE,COST_SENSITIVE_CLASSIFIER,45.0,404.0,995.0,34.0,0.10022271714922049,0.569620253164557,0.6404212774042942,0.08750257244425887,0.17045454545454547
SYNCOPE,26,NaiveBayes,NONE,NONE,NONE,17.0,25.0,1208.0,78.0,0.40476190476190477,0.17894736842105263,0.7562556025099244,0.21368621950378247,0.24817518248175185
SYNCOPE,26,NaiveBayes,BESTFIRST,NONE,NONE,9.0,10.0,1223.0,86.0,0.47368421052631576,0.09473684210526316,0.7686131386861313,0.13732389600898556,0.15789473684210525
SYNCOPE,26,NaiveBayes,NONE,SMOTE,NONE,18.0,30.0,1203.0,77.0,0.375,0.18947368421052632,0.7567251461988304,0.21400123904770343,0.2517482517482517
SYNCOPE,26,NaiveBayes,NONE,OVERSAMPLING,NONE,17.0,28.0,1205.0,78.0,0.37777777777777777,0.17894736842105263,0.7610492167157553,0.20635958730337747,0.24285714285714288
SYNCOPE,26,NaiveBayes,NONE,UNDERSAMPLING,NONE,26.0,44.0,1189.0,69.0,0.37142857142857144,0.2736842105263158,0.7576770393136125,0.2708969002040626,0.3151515151515152
SYNCOPE,26,NaiveBayes,NONE,NONE,COST_SENSITIVE_CLASSIFIER,24.0,38.0,1195.0,71.0,0.3870967741935484,0.25263157894736843,0.6109062193195886,0.26415746558490366,0.3057324840764331
SYNCOPE,27,NaiveBayes,NONE,NONE,NONE,7.0,19.0,1233.0,97.0,0.2692307692307692,0.0673076923076923,0.74187069918899,0.07945128517252721,0.1076923076923077
SYNCOPE,27,NaiveBayes,BESTFIRST,NONE,NONE,10.0,11.0,1241.0,94.0,0.47619047619047616,0.09615384615384616,0.7555411341853036,0.13778068454327466,0.16
SYNCOPE,27,NaiveBayes,NONE,SMOTE,NONE,10.0,22.0,1230.0,94.0,0.3125,0.09615384615384616,0.7428115015974441,0.11512151215121491,0.14705882352941177
SYNCOPE,27,NaiveBayes,NONE,OVERSAMPLING,NONE,5.0,19.0,1233.0,99.0,0.20833333333333334,0.04807692307692308,0.7419282993364463,0.050825740318907624,0.078125
SYNCOPE,27,NaiveBayes,NONE,UNDERSAMPLING,NONE,13.0,32.0,1220.0,91.0,0.28888888888888886,0.125,0.7406956561808798,0.13439621348944444,0.174496644295302
SYNCOPE,27,NaiveBayes,NONE,NONE,COST_SENSITIVE_CLASSIFIER,12.0,26.0,1226.0,92.0,0.3157894736842105,0.11538461538461539,0.5473089211108381,0.13344309172046326,0.16901408450704222
SYNCOPE,28,NaiveBayes,NONE,NONE,NONE,42.0,42.0,1248.0,120.0,0.5,0.25925925925925924,0.817824672217437,0.28714815622954426,0.3414634146341463
SYNCOPE,28,NaiveBayes,BESTFIRST,NONE,NONE,29.0,21.0,1269.0,133.0,0.58,0.17901234567901234,0.8186883912336109,0.23323183277096496,0.27358490566037735
SYNCOPE,28,NaiveBayes,NONE,SMOTE,NONE,44.0,47.0,1243.0,118.0,0.4835164835164835,0.2716049382716049,0.818252942865346,0.2909149026850404,0.3478260869565218
SYNCOPE,28,NaiveBayes,NONE,OVERSAMPLING,NONE,41.0,43.0,1247.0,121.0,0.4880952380952381,0.25308641975308643,0.8152215523016556,0.27834751618299497,0.3333333333333333
SYNCOPE,28,NaiveBayes,NONE,UNDERSAMPLING,NONE,61.0,65.0,1225.0,101.0,0.48412698412698413,0.3765432098765432,0.819195616805436,0.3612542135724736,0.4236111111111111
SYNCOPE,28,NaiveBayes,NONE,NONE,COST_SENSITIVE_CLASSIFIER,51.0,61.0,1229.0,111.0,0.45535714285714285,0.3148148148148148,0.6337639965546942,0.3092598738798539,0.3722627737226277
SYNCOPE,29,NaiveBayes,NONE,NONE,NONE,47.0,30.0,1365.0,109.0,0.6103896103896104,0.30128205128205127,0.8246875287197868,0.36095079722195006,0.4034334763948498
SYNCOPE,29,NaiveBayes,BESTFIRST,NONE,NONE,40.0,28.0,1367.0,116.0,0.5882352941176471,0.2564102564102564,0.8333677970774745,0.31533254855797554,0.35714285714285715
SYNCOPE,29,NaiveBayes,NONE,SMOTE,NONE,53.0,35.0,1360.0,103.0,0.6022727272727273,0.33974358974358976,0.8247909199522103,0.3901842798044378,0.43442622950819676
SYNCOPE,29,NaiveBayes,NONE,OVERSAMPLING,NONE,46.0,28.0,1367.0,110.0,0.6216216216216216,0.2948717948717949,0.8221211285727414,0.35848004747603734,0.4
SYNCOPE,29,NaiveBayes,NONE,UNDERSAMPLING,NONE,61.0,69.0,1326.0,95.0,0.46923076923076923,0.391025641025641,0.8208275893759764,0.36886453975674016,0.42657342657342656
SYNCOPE,29,NaiveBayes,NONE,NONE,COST_SENSITIVE_CLASSIFIER,56.0,52.0,1343.0,100.0,0.5185185185185185,0.358974358974359,0.6608491866556383,0.37261288880372967,0.42424242424242425
SYNCOPE,30,NaiveBayes,NONE,NONE,NONE,16.0,6.0,1384.0,171.0,0.7272727272727273,0.0855614973262032,0.7775593429000115,0.13142688220559207,0.15311004784688995
SYNCOPE,30,NaiveBayes,BESTFIRST,NONE,NONE,19.0,10.0,1380.0,168.0,0.6551724137931034,0.10160427807486631,0.7705401454237679,0.1488237826954445,0.17592592592592596
SYNCOPE,30,NaiveBayes,NONE,SMOTE,NONE,19.0,10.0,1380.0,168.0,0.6551724137931034,0.10160427807486631,0.7797214634709345,0.1488237826954445,0.17592592592592596
SYNCOPE,30,NaiveBayes,NONE,OVERSAMPLING,NONE,17.0,6.0,1384.0,170.0,0.7391304347826086,0.09090909090909091,0.7802619936136652,0.13955507055876534,0.1619047619047619
SYNCOPE,30,NaiveBayes,NONE,UNDERSAMPLING,NONE,31.0,21.0,1369.0,156.0,0.5961538461538461,0.1657754010695187,0.776661024121879,0.21912128799429323,0.2594142259414226
SYNCOPE,30,NaiveBayes,NONE,NONE,COST_SENSITIVE_CLASSIFIER,25.0,16.0,1374.0,162.0,0.6097560975609756,0.13368983957219252,0.561089524102643,0.1845204548227593,0.21929824561403513
SYNCOPE,31,NaiveBayes,NONE,NONE,NONE,11.0,26.0,1483.0,96.0,0.2972972972972973,0.102803738317757,0.7336758266599779,0.12293470233911366,0.15277777777777776
SYNCOPE,31,NaiveBayes,BESTFIRST,NONE,NONE,18.0,28.0,1481.0,89.0,0.391304347826087,0.16822429906542055,0.7491189932058738,0.20358544927633945,0.23529411764705882
SYNCOPE,31,NaiveBayes,NONE,SMOTE,NONE,13.0,31.0,1478.0,94.0,0.29545454545454547,0.12149532710280374,0.7336851167140459,0.13895993179880628,0.17218543046357615
SYNCOPE,31,NaiveBayes,NONE,OVERSAMPLING,NONE,11.0,24.0,1485.0,96.0,0.3142857142857143,0.102803738317757,0.7351870087883912,0.12641565532340515,0.15492957746478872
SYNCOPE,31,NaiveBayes,NONE,UNDERSAMPLING,NONE,20.0,63.0,1446.0,87.0,0.24096385542168675,0.18691588785046728,0.7326694041359321,0.16205172878684201,0.21052631578947364
SYNCOPE,31,NaiveBayes,NONE,NONE,COST_SENSITIVE_CLASSIFIER,18.0,46.0,1463.0,89.0,0.28125,0.16822429906542055,0.5688702674916235,0.16935729515686887,0.21052631578947367
SYNCOPE,32,NaiveBayes,NONE,NONE,NONE,7.0,8.0,1505.0,100.0,0.4666666666666667,0.06542056074766354,0.7587389045715944,0.10013886745872597,0.11475409836065573
SYNCOPE,32,NaiveBayes,BESTFIRST,NONE,NONE,13.0,18.0,1495.0,94.0,0.41935483870967744,0.12149532710280374,0.7601812330518682,0.163585738915575,0.18840579710144928
SYNCOPE,32,NaiveBayes,NONE,SMOTE,NONE,7.0,10.0,1503.0,100.0,0.4117647058823529,0.06542056074766354,0.7602924189732598,0.09654130459030132,0.1129032258064516
SYNCOPE,32,NaiveBayes,NONE,OVERSAMPLING,NONE,7.0,8.0,1505.0,100.0,0.4666666666666667,0.06542056074766354,0.7669512202654872,0.10013886745872597,0.11475409836065573
SYNCOPE,32,NaiveBayes,NONE,UNDERSAMPLING,NONE,13.0,17.0,1496.0,94.0,0.43333333333333335,0.12149532710280374,0.7655459537590107,0.16564587973273917,0.18978102189781024
SYNCOPE,32,NaiveBayes,NONE,NONE,COST_SENSITIVE_CLASSIFIER,11.0,15.0,1498.0,96.0,0.4230769230769231,0.102803738317757,0.5464448301635051,0.1432900102908109,0.16541353383458648
SYNCOPE,33,NaiveBayes,NONE,NONE,NONE,6.0,7.0,1516.0,92.0,0.46153846153846156,0.061224489795918366,0.755862489447519,0.09529661805246267,0.10810810810810811
SYNCOPE,33,NaiveBayes,BESTFIRST,NONE,NONE,13.0,16.0,1507.0,85.0,0.4482758620689655,0.1326530612244898,0.7618824286116285,0.18214333884495695,0.2047244094488189
SYNCOPE,33,NaiveBayes,NONE,SMOTE,NONE,7.0,9.0,1514.0,91.0,0.4375,0.07142857142857142,0.7556413898454982,0.10766385185348303,0.12280701754385966
SYNCOPE,33,NaiveBayes,NONE,OVERSAMPLING,NONE,6.0,8.0,1515.0,92.0,0.42857142857142855,0.061224489795918366,0.7610449301191258,0.09344100935081194,0.10714285714285714
SYNCOPE,33,NaiveBayes,NONE,UNDERSAMPLING,NONE,12.0,15.0,1508.0,86.0,0.4444444444444444,0.12244897959183673,0.7565425382234312,0.17033136880298774,0.192
SYNCOPE,33,NaiveBayes,NONE,NONE,COST_SENSITIVE_CLASSIFIER,9.0,13.0,1510.0,89.0,0.4090909090909091,0.09183673469387756,0.541650475029145,0.13073056864064528,0.15
SYNCOPE,2,Ibk,NONE,NONE,NONE,0.0,0.0,481.0,10.0,NaN,0.0,0.6328482328482329,0.0,NaN
SYNCOPE,2,Ibk,BESTFIRST,NONE,NONE,0.0,0.0,481.0,10.0,NaN,0.0,0.4498960498960499,0.0,NaN
SYNCOPE,2,Ibk,NONE,SMOTE,NONE,0.0,0.0,481.0,10.0,NaN,0.0,0.6328482328482329,0.0,NaN
SYNCOPE,2,Ibk,NONE,OVERSAMPLING,NONE,0.0,0.0,481.0,10.0,NaN,0.0,0.606029106029106,0.0,NaN
SYNCOPE,2,Ibk,NONE,UNDERSAMPLING,NONE,0.0,2.0,479.0,10.0,0.0,0.0,0.4979209979209979,-0.006835269993168923,0.0
SYNCOPE,2,Ibk,NONE,NONE,COST_SENSITIVE_CLASSIFIER,0.0,0.0,481.0,10.0,NaN,0.0,0.5,0.0,NaN
SYNCOPE,3,Ibk,NONE,NONE,NONE,0.0,0.0,482.0,9.0,NaN,0.0,0.49688796680497926,0.0,NaN
SYNCOPE,3,Ibk,BESTFIRST,NONE,NONE,0.0,0.0,482.0,9.0,NaN,0.0,0.495850622406639,0.0,NaN
SYNCOPE,3,Ibk,NONE,SMOTE,NONE,0.0,0.0,482.0,9.0,NaN,0.0,0.49688796680497926,0.0,NaN
SYNCOPE,3,Ibk,NONE,OVERSAMPLING,NONE,0.0,0.0,482.0,9.0,NaN,0.0,0.49781005071461504,0.0,NaN
SYNCOPE,3,Ibk,NONE,UNDERSAMPLING,NONE,0.0,0.0,482.0,9.0,NaN,0.0,0.5,0.0,NaN
SYNCOPE,3,Ibk,NONE,NONE,COST_SENSITIVE_CLASSIFIER,0.0,0.0,482.0,9.0,NaN,0.0,0.5,0.0,NaN
SYNCOPE,4,Ibk,NONE,NONE,NONE,0.0,21.0,485.0,14.0,0.0,0.0,0.5178571428571429,-0.03338632750397477,0.0
SYNCOPE,4,Ibk,BESTFIRST,NONE,NONE,0.0,3.0,503.0,14.0,0.0,0.0,0.5392433653303218,-0.009593421653723714,0.0
SYNCOPE,4,Ibk,NONE,SMOTE,NONE,0.0,26.0,480.0,14.0,0.0,0.0,0.5153867871259176,-0.03626943005181305,0.0
SYNCOPE,4,Ibk,NONE,OVERSAMPLING,NONE,0.0,25.0,481.0,14.0,0.0,0.0,0.5543478260869565,-0.03575076608784475,0.0
SYNCOPE,4,Ibk,NONE,UNDERSAMPLING,NONE,1.0,112.0,394.0,13.0,0.008849557522123894,0.07142857142857142,0.42504234895539245,-0.033780774858451774,0.015748031496062992
SYNCOPE,4,Ibk,NONE,NONE,COST_SENSITIVE_CLASSIFIER,0.0,21.0,485.0,14.0,0.0,0.0,0.4792490118577075,-0.03338632750397477,0.0
SYNCOPE,5,Ibk,NONE,NONE,NONE,0.0,0.0,460.0,126.0,NaN,0.0,0.5370341614906833,0.0,NaN
SYNCOPE,5,Ibk,BESTFIRST,NONE,NONE,1.0,0.0,460.0,125.0,1.0,0.007936507936507936,0.6872066942719116,0.012403936901712695,0.015748031496062992
SYNCOPE,5,Ibk,NONE,SMOTE,NONE,0.0,0.0,460.0,126.0,NaN,0.0,0.5370341614906833,0.0,NaN
SYNCOPE,5,Ibk,NONE,OVERSAMPLING,NONE,0.0,1.0,459.0,126.0,0.0,0.0,0.4934782608695652,-0.003397600107860141,0.0
SYNCOPE,5,Ibk,NONE,UNDERSAMPLING,NONE,88.0,177.0,283.0,38.0,0.3320754716981132,0.6984126984126984,0.6568150448585232,0.2239414583666982,0.45012787723785164
SYNCOPE,5,Ibk,NONE,NONE,COST_SENSITIVE_CLASSIFIER,0.0,0.0,460.0,126.0,NaN,0.0,0.5,0.0,NaN
SYNCOPE,6,Ibk,NONE,NONE,NONE,0.0,0.0,543.0,81.0,NaN,0.0,0.6253666189209467,0.0,NaN
SYNCOPE,6,Ibk,BESTFIRST,NONE,NONE,0.0,0.0,543.0,81.0,NaN,0.0,0.7009526407930337,0.0,NaN
SYNCOPE,6,Ibk,NONE,SMOTE,NONE,0.0,0.0,543.0,81.0,NaN,0.0,0.6253666189209467,0.0,NaN
SYNCOPE,6,Ibk,NONE,OVERSAMPLING,NONE,0.0,0.0,543.0,81.0,NaN,0.0,0.5640929450014779,0.0,NaN
SYNCOPE,6,Ibk,NONE,UNDERSAMPLING,NONE,36.0,78.0,465.0,45.0,0.3157894736842105,0.4444444444444444,0.6503990178023327,0.2563655388908267,0.36923076923076925
SYNCOPE,6,Ibk,NONE,NONE,COST_SENSITIVE_CLASSIFIER,0.0,0.0,543.0,81.0,NaN,0.0,0.5,0.0,NaN
SYNCOPE,7,Ibk,NONE,NONE,NONE,0.0,0.0,575.0,63.0,NaN,0.0,0.6598343685300208,0.0,NaN
SYNCOPE,7,Ibk,BESTFIRST,NONE,NONE,5.0,7.0,568.0,58.0,0.4166666666666667,0.07936507936507936,0.6352657004830918,0.1050541672061803,0.13333333333333333
SYNCOPE,7,Ibk,NONE,SMOTE,NONE,2.0,3.0,572.0,61.0,0.4,0.031746031746031744,0.6648447204968944,0.04495485802498012,0.058823529411764705
SYNCOPE,7,Ibk,NONE,OVERSAMPLING,NONE,0.0,0.0,575.0,63.0,NaN,0.0,0.6143409247757073,0.0,NaN
SYNCOPE,7,Ibk,NONE,UNDERSAMPLING,NONE,7.0,24.0,551.0,56.0,0.22580645161290322,0.1111111111111111,0.582663906142167,0.0896443477330289,0.14893617021276595
SYNCOPE,7,Ibk,NONE,NONE,COST_SENSITIVE_CLASSIFIER,0.0,0.0,575.0,63.0,NaN,0.0,0.5,0.0,NaN
SYNCOPE,8,Ibk,NONE,NONE,NONE,0.0,0.0,567.0,78.0,NaN,0.0,0.6848234070456293,0.0,NaN
SYNCOPE,8,Ibk,BESTFIRST,NONE,NONE,0.0,0.0,567.0,78.0,NaN,0.0,0.4991181657848324,0.0,NaN
SYNCOPE,8,Ibk,NONE,SMOTE,NONE,0.0,2.0,565.0,78.0,0.0,0.0,0.6837380726269615,-0.00608329433785715,0.0
SYNCOPE,8,Ibk,NONE,OVERSAMPLING,NONE,0.0,0.0,567.0,78.0,NaN,0.0,0.7029688418577308,0.0,NaN
SYNCOPE,8,Ibk,NONE,UNDERSAMPLING,NONE,18.0,49.0,518.0,60.0,0.26865671641791045,0.23076923076923078,0.5898114231447564,0.15369614676248594,0.2482758620689655
SYNCOPE,8,Ibk,NONE,NONE,COST_SENSITIVE_CLASSIFIER,0.0,0.0,567.0,78.0,NaN,0.0,0.5,0.0,NaN
SYNCOPE,9,Ibk,NONE,NONE,NONE,4.0,19.0,553.0,69.0,0.17391304347826086,0.0547945205479452,0.6084634543538653,0.03077080700795714,0.08333333333333333
SYNCOPE,9,Ibk,BESTFIRST,NONE,NONE,0.0,0.0,572.0,73.0,NaN,0.0,0.5444487019829486,0.0,NaN
SYNCOPE,9,Ibk,NONE,SMOTE,NONE,4.0,20.0,552.0,69.0,0.16666666666666666,0.0547945205479452,0.6076611744419964,0.02803880733478958,0.08247422680412371
SYNCOPE,9,Ibk,NONE,OVERSAMPLING,NONE,4.0,19.0,553.0,69.0,0.17391304347826086,0.0547945205479452,0.5159258549669509,0.03077080700795714,0.08333333333333333
SYNCOPE,9,Ibk,NONE,UNDERSAMPLING,NONE,63.0,400.0,172.0,10.0,0.13606911447084233,0.863013698630137,0.5860714627837915,0.049158283055637436,0.23507462686567163
SYNCOPE,9,Ibk,NONE,NONE,COST_SENSITIVE_CLASSIFIER,4.0,23.0,549.0,69.0,0.14814814814814814,0.0547945205479452,0.5072923651690775,0.020112949569007877,0.08
SYNCOPE,10,Ibk,NONE,NONE,NONE,0.0,1.0,572.0,73.0,0.0,0.0,0.7006263597025987,-0.003063494061857213,0.0
SYNCOPE,10,Ibk,BESTFIRST,NONE,NONE,0.0,0.0,573.0,73.0,NaN,0.0,0.700973009156327,0.0,NaN
SYNCOPE,10,Ibk,NONE,SMOTE,NONE,0.0,2.0,571.0,73.0,0.0,0.0,0.7002797102488704,-0.006063374724863616,0.0
SYNCOPE,10,Ibk,NONE,OVERSAMPLING,NONE,0.0,1.0,572.0,73.0,0.0,0.0,0.6788591646943508,-0.003063494061857213,0.0
SYNCOPE,10,Ibk,NONE,UNDERSAMPLING,NONE,6.0,37.0,536.0,67.0,0.13953488372093023,0.0821917808219178,0.5400439886203352,0.02146872906289158,0.10344827586206896
SYNCOPE,10,Ibk,NONE,NONE,COST_SENSITIVE_CLASSIFIER,0.0,1.0,572.0,73.0,0.0,0.0,0.49912739965095987,-0.003063494061857213,0.0
SYNCOPE,11,Ibk,NONE,NONE,NONE,4.0,30.0,554.0,62.0,0.11764705882352941,0.06060606060606061,0.5980308219178082,0.011766261237440562,0.08
SYNCOPE,11,Ibk,BESTFIRST,NONE,NONE,7.0,35.0,549.0,59.0,0.16666666666666666,0.10606060606060606,0.6135974470734745,0.05499876268250422,0.12962962962962962
SYNCOPE,11,Ibk,NONE,SMOTE,NONE,5.0,34.0,550.0,61.0,0.1282051282051282,0.07575757575757576,0.60167600664176,0.021425628347754296,0.09523809523809525
SYNCOPE,11,Ibk,NONE,OVERSAMPLING,NONE,6.0,59.0,525.0,60.0,0.09230769230769231,0.09090909090909091,0.5958125778331258,-0.010186757215619612,0.0916030534351145
SYNCOPE,11,Ibk,NONE,UNDERSAMPLING,NONE,42.0,339.0,245.0,24.0,0.11023622047244094,0.6363636363636364,0.5225456621004566,0.01793072447119348,0.1879194630872483
SYNCOPE,11,Ibk,NONE,NONE,COST_SENSITIVE_CLASSIFIER,4.0,45.0,539.0,62.0,0.08163265306122448,0.06060606060606061,0.49177563304275634,-0.01857004774318266,0.06956521739130435
SYNCOPE,12,Ibk,NONE,NONE,NONE,0.0,2.0,555.0,97.0,0.0,0.0,0.6001406651983194,-0.006028776531278053,0.0
SYNCOPE,12,Ibk,BESTFIRST,NONE,NONE,0.0,1.0,556.0,97.0,0.0,0.0,0.6011863998963519,-0.003036088766471508,0.0
SYNCOPE,12,Ibk,NONE,SMOTE,NONE,2.0,11.0,546.0,95.0,0.15384615384615385,0.020618556701030927,0.5991319476577394,0.0013541156472386762,0.03636363636363636
SYNCOPE,12,Ibk,NONE,OVERSAMPLING,NONE,1.0,4.0,553.0,96.0,0.2,0.010309278350515464,0.5850561735364341,0.005141622805682835,0.0196078431372549
SYNCOPE,12,Ibk,NONE,UNDERSAMPLING,NONE,18.0,66.0,491.0,79.0,0.21428571428571427,0.18556701030927836,0.5789761054248644,0.07100452595074368,0.19889502762430936
SYNCOPE,12,Ibk,NONE,NONE,COST_SENSITIVE_CLASSIFIER,0.0,2.0,555.0,97.0,0.0,0.0,0.4982046678635548,-0.006028776531278053,0.0
SYNCOPE,13,Ibk,NONE,NONE,NONE,4.0,4.0,577.0,71.0,0.5,0.05333333333333334,0.598152610441767,0.0760216346153841,0.0963855421686747
SYNCOPE,13,Ibk,BESTFIRST,NONE,NONE,3.0,2.0,579.0,72.0,0.6,0.04,0.6173149741824441,0.06158901991107655,0.075
SYNCOPE,13,Ibk,NONE,SMOTE,NONE,4.0,4.0,577.0,71.0,0.5,0.05333333333333334,0.598152610441767,0.0760216346153841,0.0963855421686747
SYNCOPE,13,Ibk,NONE,OVERSAMPLING,NONE,4.0,5.0,576.0,71.0,0.4444444444444444,0.05333333333333334,0.6181985083189903,0.07251553372772254,0.09523809523809523
SYNCOPE,13,Ibk,NONE,UNDERSAMPLING,NONE,34.0,120.0,461.0,41.0,0.22077922077922077,0.4533333333333333,0.640722891566265,0.1691891381643119,0.296943231441048
SYNCOPE,13,Ibk,NONE,NONE,COST_SENSITIVE_CLASSIFIER,4.0,16.0,565.0,71.0,0.2,0.05333333333333334,0.5128973034997132,0.037896156439650046,0.08421052631578947
SYNCOPE,14,Ibk,NONE,NONE,NONE,12.0,57.0,539.0,81.0,0.17391304347826086,0.12903225806451613,0.5904326333261167,0.03747570456754127,0.14814814814814814
SYNCOPE,14,Ibk,BESTFIRST,NONE,NONE,24.0,81.0,515.0,69.0,0.22857142857142856,0.25806451612903225,0.6348415963051165,0.11585052869315242,0.24242424242424246
SYNCOPE,14,Ibk,NONE,SMOTE,NONE,16.0,85.0,511.0,77.0,0.15841584158415842,0.17204301075268819,0.5840008659883091,0.028394846796657686,0.16494845360824745
SYNCOPE,14,Ibk,NONE,OVERSAMPLING,NONE,15.0,54.0,542.0,78.0,0.21739130434782608,0.16129032258064516,0.5609709893916432,0.07932458697764824,0.18518518518518517
SYNCOPE,14,Ibk,NONE,UNDERSAMPLING,NONE,56.0,314.0,282.0,37.0,0.15135135135135136,0.6021505376344086,0.5354423756945947,0.03336704145299317,0.24190064794816418
SYNCOPE,14,Ibk,NONE,NONE,COST_SENSITIVE_CLASSIFIER,12.0,63.0,533.0,81.0,0.16,0.12903225806451613,0.5116637800389695,0.025402251429245057,0.14285714285714285
SYNCOPE,15,Ibk,NONE,NONE,NONE,2.0,30.0,673.0,17.0,0.0625,0.10526315789473684,0.7027027027027027,0.04695837780149278,0.0784313725490196
SYNCOPE,15,Ibk,BESTFIRST,NONE,NONE,2.0,13.0,690.0,17.0,0.13333333333333333,0.10526315789473684,0.7485213745601558,0.09667194928684522,0.11764705882352941
SYNCOPE,15,Ibk,NONE,SMOTE,NONE,2.0,33.0,670.0,17.0,0.05714285714285714,0.10526315789473684,0.7005689900426743,0.041372351160443924,0.07407407407407407
SYNCOPE,15,Ibk,NONE,OVERSAMPLING,NONE,2.0,30.0,673.0,17.0,0.0625,0.10526315789473684,0.6723066556861571,0.04695837780149278,0.0784313725490196
SYNCOPE,15,Ibk,NONE,UNDERSAMPLING,NONE,8.0,166.0,537.0,11.0,0.04597701149425287,0.42105263157894735,0.59478176237179,0.037217291726309755,0.08290155440414507
SYNCOPE,15,Ibk,NONE,NONE,COST_SENSITIVE_CLASSIFIER,2.0,32.0,671.0,17.0,0.058823529411764705,0.10526315789473684,0.5298719772403983,0.0431654676258988,0.07547169811320754
SYNCOPE,16,Ibk,NONE,NONE,NONE,12.0,46.0,624.0,42.0,0.20689655172413793,0.2222222222222222,0.681522940851299,0.1485084999465409,0.2142857142857143
SYNCOPE,16,Ibk,BESTFIRST,NONE,NONE,12.0,45.0,625.0,42.0,0.21052631578947367,0.2222222222222222,0.6826838032061913,0.15119663648124151,0.21621621621621623
SYNCOPE,16,Ibk,NONE,SMOTE,NONE,15.0,70.0,600.0,39.0,0.17647058823529413,0.2777777777777778,0.6806108347153124,0.13711511546536,0.2158273381294964
SYNCOPE,16,Ibk,NONE,OVERSAMPLING,NONE,11.0,37.0,633.0,43.0,0.22916666666666666,0.2037037037037037,0.6862907683803207,0.15647209600372766,0.2156862745098039
SYNCOPE,16,Ibk,NONE,UNDERSAMPLING,NONE,34.0,386.0,284.0,20.0,0.08095238095238096,0.6296296296296297,0.5743090105030404,0.013001316248959064,0.14345991561181434
SYNCOPE,16,Ibk,NONE,NONE,COST_SENSITIVE_CLASSIFIER,17.0,112.0,558.0,37.0,0.13178294573643412,0.3148148148148148,0.5738253178551685,0.09011470985155207,0.18579234972677597
SYNCOPE,17,Ibk,NONE,NONE,NONE,2.0,55.0,712.0,18.0,0.03508771929824561,0.1,0.6629726205997393,0.014883657127178852,0.051948051948051945
SYNCOPE,17,Ibk,BESTFIRST,NONE,NONE,3.0,59.0,708.0,17.0,0.04838709677419355,0.15,0.6973598435462842,0.03612982241273715,0.07317073170731707
SYNCOPE,17,Ibk,NONE,SMOTE,NONE,5.0,89.0,678.0,15.0,0.05319148936170213,0.25,0.6908409387222947,0.0478140487214686,0.08771929824561403
SYNCOPE,17,Ibk,NONE,OVERSAMPLING,NONE,2.0,59.0,708.0,18.0,0.03278688524590164,0.1,0.6172099087353324,0.011548436557000444,0.04938271604938272
SYNCOPE,17,Ibk,NONE,UNDERSAMPLING,NONE,13.0,418.0,349.0,7.0,0.030162412993039442,0.65,0.5780312907431552,0.009541097492722809,0.057649667405764965
SYNCOPE,17,Ibk,NONE,NONE,COST_SENSITIVE_CLASSIFIER,2.0,91.0,676.0,18.0,0.021505376344086023,0.1,0.4906779661016949,-0.0067127483540856715,0.035398230088495575
SYNCOPE,18,Ibk,NONE,NONE,NONE,1.0,13.0,640.0,16.0,0.07142857142857142,0.058823529411764705,0.718989280245023,0.042574159850203686,0.06451612903225808
SYNCOPE,18,Ibk,BESTFIRST,NONE,NONE,1.0,28.0,625.0,16.0,0.034482758620689655,0.058823529411764705,0.7070083776236376,0.011865656633370808,0.043478260869565216
SYNCOPE,18,Ibk,NONE,SMOTE,NONE,3.0,341.0,312.0,14.0,0.00872093023255814,0.17647058823529413,0.34924781551211603,-0.03334868403903126,0.01662049861495845
SYNCOPE,18,Ibk,NONE,OVERSAMPLING,NONE,2.0,18.0,635.0,15.0,0.1,0.11764705882352941,0.6536348076749843,0.08295313148071255,0.1081081081081081
SYNCOPE,18,Ibk,NONE,UNDERSAMPLING,NONE,9.0,169.0,484.0,8.0,0.05056179775280899,0.5294117647058824,0.65462570939555,0.048219072537280035,0.0923076923076923
SYNCOPE,18,Ibk,NONE,NONE,COST_SENSITIVE_CLASSIFIER,1.0,13.0,640.0,16.0,0.07142857142857142,0.058823529411764705,0.5194577065129268,0.042574159850203686,0.06451612903225808
SYNCOPE,19,Ibk,NONE,NONE,NONE,8.0,31.0,740.0,33.0,0.20512820512820512,0.1951219512195122,0.7437284489576413,0.15857647096920424,0.2
SYNCOPE,19,Ibk,BESTFIRST,NONE,NONE,7.0,30.0,741.0,34.0,0.1891891891891892,0.17073170731707318,0.7352187529657398,0.13820437133096694,0.17948717948717952
SYNCOPE,19,Ibk,NONE,SMOTE,NONE,24.0,644.0,127.0,17.0,0.03592814371257485,0.5853658536585366,0.3783493087849166,-0.03033025423663742,0.06770098730606489
SYNCOPE,19,Ibk,NONE,OVERSAMPLING,NONE,6.0,25.0,746.0,35.0,0.1935483870967742,0.14634146341463414,0.7188478694125463,0.12878652408712055,0.16666666666666666
SYNCOPE,19,Ibk,NONE,UNDERSAMPLING,NONE,29.0,355.0,416.0,12.0,0.07552083333333333,0.7073170731707317,0.6403625320299896,0.04976850375623384,0.13647058823529412
SYNCOPE,19,Ibk,NONE,NONE,COST_SENSITIVE_CLASSIFIER,11.0,106.0,665.0,30.0,0.09401709401709402,0.2682926829268293,0.5654044478187973,0.0696702667183364,0.13924050632911392
SYNCOPE,20,Ibk,NONE,NONE,NONE,4.0,182.0,618.0,14.0,0.021505376344086023,0.2222222222222222,0.5381597222222222,-9.489561482369165E-4,0.0392156862745098
SYNCOPE,20,Ibk,BESTFIRST,NONE,NONE,5.0,176.0,624.0,13.0,0.027624309392265192,0.2777777777777778,0.5705902777777778,0.010648509592617686,0.05025125628140704
SYNCOPE,20,Ibk,NONE,SMOTE,NONE,7.0,281.0,519.0,11.0,0.024305555555555556,0.3888888888888889,0.5558333333333333,0.004517796115695734,0.0457516339869281
SYNCOPE,20,Ibk,NONE,OVERSAMPLING,NONE,4.0,142.0,658.0,14.0,0.0273972602739726,0.2222222222222222,0.5600347222222222,0.0099925521350548,0.04878048780487805
SYNCOPE,20,Ibk,NONE,UNDERSAMPLING,NONE,16.0,491.0,309.0,2.0,0.03155818540433925,0.8888888888888888,0.6688541666666666,0.019270521743782847,0.06095238095238095
SYNCOPE,20,Ibk,NONE,NONE,COST_SENSITIVE_CLASSIFIER,4.0,182.0,618.0,14.0,0.021505376344086023,0.2222222222222222,0.4973611111111111,-9.489561482369165E-4,0.0392156862745098
SYNCOPE,21,Ibk,NONE,NONE,NONE,2.0,45.0,1494.0,10.0,0.0425531914893617,0.16666666666666666,0.6211555122373836,0.05616224648985892,0.06779661016949153
SYNCOPE,21,Ibk,BESTFIRST,NONE,NONE,1.0,36.0,1503.0,11.0,0.02702702702702703,0.08333333333333333,0.6381037470218757,0.029476374965053963,0.04081632653061225
SYNCOPE,21,Ibk,NONE,SMOTE,NONE,2.0,86.0,1453.0,10.0,0.022727272727272728,0.16666666666666666,0.6069417370586961,0.026747195858497653,0.04
SYNCOPE,21,Ibk,NONE,OVERSAMPLING,NONE,1.0,39.0,1500.0,11.0,0.025,0.08333333333333333,0.6825319471518302,0.02687848215630112,0.03846153846153846
SYNCOPE,21,Ibk,NONE,UNDERSAMPLING,NONE,6.0,362.0,1177.0,6.0,0.016304347826086956,0.5,0.6403508771929824,0.01684615225614386,0.031578947368421054
SYNCOPE,21,Ibk,NONE,NONE,COST_SENSITIVE_CLASSIFIER,2.0,47.0,1492.0,10.0,0.04081632653061224,0.16666666666666666,0.5680636777128005,0.05381281104510944,0.06557377049180327
SYNCOPE,22,Ibk,NONE,NONE,NONE,5.0,73.0,871.0,32.0,0.0641025641025641,0.13513513513513514,0.5357449610627577,0.037723157983240184,0.08695652173913043
SYNCOPE,22,Ibk,BESTFIRST,NONE,NONE,2.0,14.0,930.0,35.0,0.125,0.05405405405405406,0.5276568941823179,0.05392745379755508,0.07547169811320754
SYNCOPE,22,Ibk,NONE,SMOTE,NONE,7.0,76.0,868.0,30.0,0.08433734939759036,0.1891891891891892,0.5609539624370132,0.06804208714979629,0.11666666666666667
SYNCOPE,22,Ibk,NONE,OVERSAMPLING,NONE,5.0,73.0,871.0,32.0,0.0641025641025641,0.13513513513513514,0.3644497251488777,0.037723157983240184,0.08695652173913043
SYNCOPE,22,Ibk,NONE,UNDERSAMPLING,NONE,31.0,493.0,451.0,6.0,0.05916030534351145,0.8378378378378378,0.6558205451213925,0.0430952078426007,0.11051693404634581
SYNCOPE,22,Ibk,NONE,NONE,COST_SENSITIVE_CLASSIFIER,5.0,75.0,869.0,32.0,0.0625,0.13513513513513514,0.5278429912963811,0.035734955032749344,0.08547008547008547
SYNCOPE,23,Ibk,NONE,NONE,NONE,3.0,23.0,1007.0,57.0,0.11538461538461539,0.05,0.6247491909385113,0.03774001324211006,0.06976744186046512
SYNCOPE,23,Ibk,BESTFIRST,NONE,NONE,0.0,16.0,1014.0,60.0,0.0,0.0,0.5992313915857606,-0.023727137913988373,0.0
SYNCOPE,23,Ibk,NONE,SMOTE,NONE,5.0,78.0,952.0,55.0,0.060240963855421686,0.08333333333333333,0.6066504854368931,0.006442327462134099,0.06993006993006992
SYNCOPE,23,Ibk,NONE,OVERSAMPLING,NONE,3.0,18.0,1012.0,57.0,0.14285714285714285,0.05,0.6131148867313916,0.046869534802377745,0.07407407407407408
SYNCOPE,23,Ibk,NONE,UNDERSAMPLING,NONE,24.0,243.0,787.0,36.0,0.0898876404494382,0.4,0.5911650485436893,0.0625173402386017,0.14678899082568808
SYNCOPE,23,Ibk,NONE,NONE,COST_SENSITIVE_CLASSIFIER,3.0,36.0,994.0,57.0,0.07692307692307693,0.05,0.5075242718446602,0.018018018018018535,0.060606060606060615
SYNCOPE,24,Ibk,NONE,NONE,NONE,10.0,83.0,1026.0,65.0,0.10752688172043011,0.13333333333333333,0.6193567778779682,0.052605400028113654,0.11904761904761905
SYNCOPE,24,Ibk,BESTFIRST,NONE,NONE,23.0,176.0,933.0,52.0,0.11557788944723618,0.30666666666666664,0.6530568079350767,0.08356022079941362,0.1678832116788321
SYNCOPE,24,Ibk,NONE,SMOTE,NONE,14.0,136.0,973.0,61.0,0.09333333333333334,0.18666666666666668,0.615653742110009,0.04367363673636792,0.12444444444444445
SYNCOPE,24,Ibk,NONE,OVERSAMPLING,NONE,8.0,65.0,1044.0,67.0,0.1095890410958904,0.10666666666666667,0.6426570483919447,0.04866023057912581,0.1081081081081081
SYNCOPE,24,Ibk,NONE,UNDERSAMPLING,NONE,38.0,451.0,658.0,37.0,0.07770961145194274,0.5066666666666667,0.5586654643823264,0.027983298173363907,0.1347517730496454
SYNCOPE,24,Ibk,NONE,NONE,COST_SENSITIVE_CLASSIFIER,11.0,133.0,976.0,64.0,0.0763888888888889,0.14666666666666667,0.5133694018635407,0.018712977921378857,0.10045662100456622
SYNCOPE,25,Ibk,NONE,NONE,NONE,25.0,192.0,1207.0,54.0,0.1152073732718894,0.31645569620253167,0.6791198052858732,0.09824852059265583,0.16891891891891894
SYNCOPE,25,Ibk,BESTFIRST,NONE,NONE,18.0,88.0,1311.0,61.0,0.16981132075471697,0.22784810126582278,0.6906832185738457,0.14204346233861348,0.19459459459459458
SYNCOPE,25,Ibk,NONE,SMOTE,NONE,28.0,237.0,1162.0,51.0,0.10566037735849057,0.35443037974683544,0.6728042634431466,0.08765823191773009,0.16279069767441862
SYNCOPE,25,Ibk,NONE,OVERSAMPLING,NONE,22.0,143.0,1256.0,57.0,0.13333333333333333,0.27848101265822783,0.6783823888672741,0.1164567404546842,0.180327868852459
SYNCOPE,25,Ibk,NONE,UNDERSAMPLING,NONE,66.0,781.0,618.0,13.0,0.07792207792207792,0.8354430379746836,0.6416518127776621,0.04961929119000452,0.14254859611231102
SYNCOPE,25,Ibk,NONE,NONE,COST_SENSITIVE_CLASSIFIER,25.0,192.0,1207.0,54.0,0.1152073732718894,0.31645569620253167,0.5896074049275704,0.09824852059265583,0.16891891891891894
SYNCOPE,26,Ibk,NONE,NONE,NONE,7.0,28.0,1205.0,88.0,0.2,0.07368421052631578,0.6587100354292056,0.0719440930176522,0.10769230769230768
SYNCOPE,26,Ibk,BESTFIRST,NONE,NONE,2.0,12.0,1221.0,93.0,0.14285714285714285,0.021052631578947368,0.6889059632048491,0.018663964192213032,0.03669724770642201
SYNCOPE,26,Ibk,NONE,SMOTE,NONE,29.0,436.0,797.0,66.0,0.06236559139784946,0.30526315789473685,0.5538353182225637,-0.017282895640364428,0.10357142857142856
SYNCOPE,26,Ibk,NONE,OVERSAMPLING,NONE,6.0,27.0,1206.0,89.0,0.18181818181818182,0.06315789473684211,0.6659196653434072,0.05904198785687265,0.09375
SYNCOPE,26,Ibk,NONE,UNDERSAMPLING,NONE,46.0,345.0,888.0,49.0,0.11764705882352941,0.4842105263157895,0.629606863875016,0.08384607033922939,0.18930041152263374
SYNCOPE,26,Ibk,NONE,NONE,COST_SENSITIVE_CLASSIFIER,10.0,67.0,1166.0,85.0,0.12987012987012986,0.10526315789473684,0.5254620736756733,0.05580346701842023,0.11627906976744186
SYNCOPE,27,Ibk,NONE,NONE,NONE,18.0,94.0,1158.0,86.0,0.16071428571428573,0.17307692307692307,0.6738103649545343,0.09465875370919884,0.16666666666666666
SYNCOPE,27,Ibk,BESTFIRST,NONE,NONE,20.0,108.0,1144.0,84.0,0.15625,0.19230769230769232,0.6776426947652986,0.09589954439382176,0.1724137931034483
SYNCOPE,27,Ibk,NONE,SMOTE,NONE,53.0,596.0,656.0,51.0,0.08166409861325115,0.5096153846153846,0.5602382342098796,0.00986822800752982,0.14077025232403714
SYNCOPE,27,Ibk,NONE,OVERSAMPLING,NONE,20.0,92.0,1160.0,84.0,0.17857142857142858,0.19230769230769232,0.6619447345785205,0.11477744807121618,0.1851851851851852
SYNCOPE,27,Ibk,NONE,UNDERSAMPLING,NONE,83.0,871.0,381.0,21.0,0.0870020964360587,0.7980769230769231,0.588827107397395,0.02156904618610343,0.1568998109640832
SYNCOPE,27,Ibk,NONE,NONE,COST_SENSITIVE_CLASSIFIER,31.0,255.0,997.0,73.0,0.10839160839160839,0.2980769230769231,0.5472014008355861,0.05237859857846575,0.15897435897435896
SYNCOPE,28,Ibk,NONE,NONE,NONE,7.0,17.0,1273.0,155.0,0.2916666666666667,0.043209876543209874,0.7190855584266437,0.047854332509836214,0.07526881720430106
SYNCOPE,28,Ibk,BESTFIRST,NONE,NONE,3.0,9.0,1281.0,159.0,0.25,0.018518518518518517,0.7469542539955977,0.019392185238784544,0.034482758620689655
SYNCOPE,28,Ibk,NONE,SMOTE,NONE,18.0,107.0,1183.0,144.0,0.144,0.1111111111111111,0.6871997320317734,0.03128986986476167,0.1254355400696864
SYNCOPE,28,Ibk,NONE,OVERSAMPLING,NONE,9.0,17.0,1273.0,153.0,0.34615384615384615,0.05555555555555555,0.7131136950904393,0.06695092080195976,0.09574468085106382
SYNCOPE,28,Ibk,NONE,UNDERSAMPLING,NONE,65.0,227.0,1063.0,97.0,0.2226027397260274,0.4012345679012346,0.6242271987750024,0.1667587672688629,0.28634361233480177
SYNCOPE,28,Ibk,NONE,NONE,COST_SENSITIVE_CLASSIFIER,7.0,17.0,1273.0,155.0,0.2916666666666667,0.043209876543209874,0.5150157909847832,0.047854332509836214,0.07526881720430106
SYNCOPE,29,Ibk,NONE,NONE,NONE,18.0,26.0,1369.0,138.0,0.4090909090909091,0.11538461538461539,0.7004411359250069,0.1420302760463043,0.18000000000000002
SYNCOPE,29,Ibk,BESTFIRST,NONE,NONE,6.0,37.0,1358.0,150.0,0.13953488372093023,0.038461538461538464,0.729877768587446,0.017599658574752985,0.06030150753768845
SYNCOPE,29,Ibk,NONE,SMOTE,NONE,27.0,264.0,1131.0,129.0,0.09278350515463918,0.17307692307692307,0.5831357412002574,-0.01168123086115446,0.1208053691275168
SYNCOPE,29,Ibk,NONE,OVERSAMPLING,NONE,16.0,22.0,1373.0,140.0,0.42105263157894735,0.10256410256410256,0.6791747082069662,0.13069561787723455,0.16494845360824742
SYNCOPE,29,Ibk,NONE,UNDERSAMPLING,NONE,89.0,349.0,1046.0,67.0,0.20319634703196346,0.5705128205128205,0.6902812241521918,0.1776895842413956,0.29966329966329963
SYNCOPE,29,Ibk,NONE,NONE,COST_SENSITIVE_CLASSIFIER,19.0,53.0,1342.0,137.0,0.2638888888888889,0.12179487179487179,0.5419010201268266,0.11013878320107288,0.16666666666666666
SYNCOPE,30,Ibk,NONE,NONE,NONE,5.0,6.0,1384.0,182.0,0.45454545454545453,0.026737967914438502,0.7196495210248913,0.03782794386821238,0.050505050505050504
SYNCOPE,30,Ibk,BESTFIRST,NONE,NONE,4.0,7.0,1383.0,183.0,0.36363636363636365,0.0213903743315508,0.7204689724156503,0.027592070930639378,0.04040404040404041
SYNCOPE,30,Ibk,NONE,SMOTE,NONE,71.0,653.0,737.0,116.0,0.09806629834254144,0.37967914438502676,0.5405301427307352,-0.0401776868967492,0.15587266739846323
SYNCOPE,30,Ibk,NONE,OVERSAMPLING,NONE,5.0,6.0,1384.0,182.0,0.45454545454545453,0.026737967914438502,0.7044204208825453,0.03782794386821238,0.050505050505050504
SYNCOPE,30,Ibk,NONE,UNDERSAMPLING,NONE,74.0,303.0,1087.0,113.0,0.1962864721485411,0.39572192513368987,0.6481244950563614,0.12345576740643763,0.26241134751773054
SYNCOPE,30,Ibk,NONE,NONE,COST_SENSITIVE_CLASSIFIER,12.0,80.0,1310.0,175.0,0.13043478260869565,0.06417112299465241,0.50330858308006,0.008481785119891519,0.08602150537634409
SYNCOPE,31,Ibk,NONE,NONE,NONE,17.0,120.0,1389.0,90.0,0.12408759124087591,0.1588785046728972,0.6202009129026465,0.07021091219937174,0.13934426229508198
SYNCOPE,31,Ibk,BESTFIRST,NONE,NONE,19.0,119.0,1390.0,88.0,0.13768115942028986,0.17757009345794392,0.6344146956268619,0.08700066596067625,0.15510204081632653
SYNCOPE,31,Ibk,NONE,SMOTE,NONE,71.0,595.0,914.0,36.0,0.1066066066066066,0.6635514018691588,0.6626131064082793,0.07856907912571702,0.18369987063389392
SYNCOPE,31,Ibk,NONE,OVERSAMPLING,NONE,14.0,98.0,1411.0,93.0,0.125,0.1308411214953271,0.6049001938524615,0.06449735706318793,0.1278538812785388
SYNCOPE,31,Ibk,NONE,UNDERSAMPLING,NONE,81.0,950.0,559.0,26.0,0.07856450048496605,0.7570093457943925,0.5643676879532772,0.025431698729712682,0.14235500878734622
SYNCOPE,31,Ibk,NONE,NONE,COST_SENSITIVE_CLASSIFIER,23.0,276.0,1233.0,84.0,0.07692307692307693,0.21495327102803738,0.5160253432674978,0.017479860161118604,0.11330049261083744
SYNCOPE,32,Ibk,NONE,NONE,NONE,25.0,112.0,1401.0,82.0,0.18248175182481752,0.2336448598130841,0.6964222841294451,0.14122231269913205,0.20491803278688522
SYNCOPE,32,Ibk,BESTFIRST,NONE,NONE,5.0,11.0,1502.0,102.0,0.3125,0.04672897196261682,0.6217269644390362,0.06523826058538756,0.08130081300813008
SYNCOPE,32,Ibk,NONE,SMOTE,NONE,89.0,1459.0,54.0,18.0,0.05749354005167959,0.8317757009345794,0.4298324181084804,-0.018261762137484108,0.10755287009063444
SYNCOPE,32,Ibk,NONE,OVERSAMPLING,NONE,20.0,103.0,1410.0,87.0,0.16260162601626016,0.18691588785046728,0.6681934140872562,0.1111188120527443,0.17391304347826086
SYNCOPE,32,Ibk,NONE,UNDERSAMPLING,NONE,92.0,1052.0,461.0,15.0,0.08041958041958042,0.8598130841121495,0.5982667350254184,0.02989329915074834,0.14708233413269384
SYNCOPE,32,Ibk,NONE,NONE,COST_SENSITIVE_CLASSIFIER,38.0,338.0,1175.0,69.0,0.10106382978723404,0.35514018691588783,0.5658714814288627,0.06076387899646153,0.15734989648033124
SYNCOPE,33,Ibk,NONE,NONE,NONE,1.0,10.0,1513.0,97.0,0.09090909090909091,0.01020408163265306,0.7070530773044609,0.006222318988386998,0.018348623853211007
SYNCOPE,33,Ibk,BESTFIRST,NONE,NONE,2.0,7.0,1516.0,96.0,0.2222222222222222,0.02040816326530612,0.7130830664504804,0.027492529836967792,0.037383177570093455
SYNCOPE,33,Ibk,NONE,SMOTE,NONE,11.0,40.0,1483.0,87.0,0.21568627450980393,0.11224489795918367,0.7171198091843435,0.11085244867902293,0.14765100671140938
SYNCOPE,33,Ibk,NONE,OVERSAMPLING,NONE,2.0,10.0,1513.0,96.0,0.16666666666666666,0.02040816326530612,0.6620894582389751,0.02348287659555057,0.03636363636363636
SYNCOPE,33,Ibk,NONE,UNDERSAMPLING,NONE,45.0,268.0,1255.0,53.0,0.14376996805111822,0.45918367346938777,0.6846516676269983,0.1397658720777409,0.21897810218978103
SYNCOPE,33,Ibk,NONE,NONE,COST_SENSITIVE_CLASSIFIER,1.0,10.0,1513.0,97.0,0.09090909090909091,0.01020408163265306,0.5018190467257159,0.006222318988386998,0.018348623853211007
SYNCOPE,2,RandomForest,NONE,NONE,NONE,0.0,0.0,481.0,10.0,NaN,0.0,0.5,0.0,NaN
SYNCOPE,2,RandomForest,BESTFIRST,NONE,NONE,0.0,0.0,481.0,10.0,NaN,0.0,0.48544698544698545,0.0,NaN
SYNCOPE,2,RandomForest,NONE,SMOTE,NONE,0.0,0.0,481.0,10.0,NaN,0.0,0.5,0.0,NaN
SYNCOPE,2,RandomForest,NONE,OVERSAMPLING,NONE,0.0,0.0,481.0,10.0,NaN,0.0,0.5,0.0,NaN
SYNCOPE,2,RandomForest,NONE,UNDERSAMPLING,NONE,0.0,58.0,423.0,10.0,0.0,0.0,0.5384615384615384,-0.03599354598485746,0.0
SYNCOPE,2,RandomForest,NONE,NONE,COST_SENSITIVE_CLASSIFIER,0.0,0.0,481.0,10.0,NaN,0.0,0.5,0.0,NaN
SYNCOPE,3,RandomForest,NONE,NONE,NONE,0.0,0.0,482.0,9.0,NaN,0.0,0.5,0.0,NaN
SYNCOPE,3,RandomForest,BESTFIRST,NONE,NONE,0.0,0.0,482.0,9.0,NaN,0.0,0.5,0.0,NaN
SYNCOPE,3,RandomForest,NONE,SMOTE,NONE,0.0,0.0,482.0,9.0,NaN,0.0,0.5,0.0,NaN
SYNCOPE,3,RandomForest,NONE,OVERSAMPLING,NONE,0.0,0.0,482.0,9.0,NaN,0.0,0.48858921161825725,0.0,NaN
SYNCOPE,3,RandomForest,NONE,UNDERSAMPLING,NONE,0.0,0.0,482.0,9.0,NaN,0.0,0.4790225910557861,0.0,NaN
SYNCOPE,3,RandomForest,NONE,NONE,COST_SENSITIVE_CLASSIFIER,0.0,0.0,482.0,9.0,NaN,0.0,0.5,0.0,NaN
SYNCOPE,4,RandomForest,NONE,NONE,NONE,0.0,0.0,506.0,14.0,NaN,0.0,0.44092320722755507,0.0,NaN
SYNCOPE,4,RandomForest,BESTFIRST,NONE,NONE,0.0,1.0,505.0,14.0,0.0,0.0,0.4772727272727273,-0.0036026762738023094,0.0
SYNCOPE,4,RandomForest,NONE,SMOTE,NONE,0.0,0.0,506.0,14.0,NaN,0.0,0.41946640316205536,0.0,NaN
SYNCOPE,4,RandomForest,NONE,OVERSAMPLING,NONE,0.0,12.0,494.0,14.0,0.0,0.0,0.43379446640316205,-0.025485436893205347,0.0
SYNCOPE,4,RandomForest,NONE,UNDERSAMPLING,NONE,1.0,79.0,427.0,13.0,0.0125,0.07142857142857142,0.5067758328627894,-0.025728987993139395,0.02127659574468085
SYNCOPE,4,RandomForest,NONE,NONE,COST_SENSITIVE_CLASSIFIER,0.0,31.0,475.0,14.0,0.0,0.0,0.46936758893280633,-0.03852298952600788,0.0
SYNCOPE,5,RandomForest,NONE,NONE,NONE,0.0,0.0,460.0,126.0,NaN,0.0,0.5542443064182194,0.0,NaN
SYNCOPE,5,RandomForest,BESTFIRST,NONE,NONE,1.0,0.0,460.0,125.0,1.0,0.007936507936507936,0.5065131124913733,0.012403936901712695,0.015748031496062992
SYNCOPE,5,RandomForest,NONE,SMOTE,NONE,0.0,0.0,460.0,126.0,NaN,0.0,0.5538388543823326,0.0,NaN
SYNCOPE,5,RandomForest,NONE,OVERSAMPLING,NONE,0.0,0.0,460.0,126.0,NaN,0.0,0.5246721877156659,0.0,NaN
SYNCOPE,5,RandomForest,NONE,UNDERSAMPLING,NONE,75.0,110.0,350.0,51.0,0.40540540540540543,0.5952380952380952,0.7118184955141477,0.30436641941810566,0.482315112540193
SYNCOPE,5,RandomForest,NONE,NONE,COST_SENSITIVE_CLASSIFIER,0.0,3.0,457.0,126.0,0.0,0.0,0.4967391304347826,-0.010101819931051558,0.0
SYNCOPE,6,RandomForest,NONE,NONE,NONE,0.0,0.0,543.0,81.0,NaN,0.0,0.6712252461178182,0.0,NaN
SYNCOPE,6,RandomForest,BESTFIRST,NONE,NONE,0.0,0.0,543.0,81.0,NaN,0.0,0.5031716799672601,0.0,NaN
SYNCOPE,6,RandomForest,NONE,SMOTE,NONE,0.0,0.0,543.0,81.0,NaN,0.0,0.6928131323465885,0.0,NaN
SYNCOPE,6,RandomForest,NONE,OVERSAMPLING,NONE,0.0,0.0,543.0,81.0,NaN,0.0,0.6609712843598663,0.0,NaN
SYNCOPE,6,RandomForest,NONE,UNDERSAMPLING,NONE,46.0,137.0,406.0,35.0,0.25136612021857924,0.5679012345679012,0.6991792283382215,0.20550743948478792,0.3484848484848485
SYNCOPE,6,RandomForest,NONE,NONE,COST_SENSITIVE_CLASSIFIER,6.0,11.0,532.0,75.0,0.35294117647058826,0.07407407407407407,0.5269081235932065,0.08106442001438453,0.12244897959183673
SYNCOPE,7,RandomForest,NONE,NONE,NONE,0.0,0.0,575.0,63.0,NaN,0.0,0.5724223602484472,0.0,NaN
SYNCOPE,7,RandomForest,BESTFIRST,NONE,NONE,0.0,0.0,575.0,63.0,NaN,0.0,0.5564389233954451,0.0,NaN
SYNCOPE,7,RandomForest,NONE,SMOTE,NONE,0.0,0.0,575.0,63.0,NaN,0.0,0.6741752933057281,0.0,NaN
SYNCOPE,7,RandomForest,NONE,OVERSAMPLING,NONE,0.0,1.0,574.0,63.0,0.0,0.0,0.5780952380952381,-0.0030953667763957775,0.0
SYNCOPE,7,RandomForest,NONE,UNDERSAMPLING,NONE,10.0,23.0,552.0,53.0,0.30303030303030304,0.15873015873015872,0.6696204278812975,0.1506743737957617,0.20833333333333334
SYNCOPE,7,RandomForest,NONE,NONE,COST_SENSITIVE_CLASSIFIER,1.0,2.0,573.0,62.0,0.3333333333333333,0.015873015873015872,0.5061973775017253,0.021519290678169576,0.030303030303030304
SYNCOPE,8,RandomForest,NONE,NONE,NONE,0.0,0.0,567.0,78.0,NaN,0.0,0.5850065572287795,0.0,NaN
SYNCOPE,8,RandomForest,BESTFIRST,NONE,NONE,0.0,0.0,567.0,78.0,NaN,0.0,0.4991181657848324,0.0,NaN
SYNCOPE,8,RandomForest,NONE,SMOTE,NONE,0.0,0.0,567.0,78.0,NaN,0.0,0.6725681725681726,0.0,NaN
SYNCOPE,8,RandomForest,NONE,OVERSAMPLING,NONE,0.0,0.0,567.0,78.0,NaN,0.0,0.5319608375163931,0.0,NaN
SYNCOPE,8,RandomForest,NONE,UNDERSAMPLING,NONE,0.0,0.0,567.0,78.0,NaN,0.0,0.6315628815628815,0.0,NaN
SYNCOPE,8,RandomForest,NONE,NONE,COST_SENSITIVE_CLASSIFIER,0.0,3.0,564.0,78.0,0.0,0.0,0.4973544973544973,-0.009038762384842303,0.0
SYNCOPE,9,RandomForest,NONE,NONE,NONE,1.0,6.0,566.0,72.0,0.14285714285714285,0.0136986301369863,0.6385429638854296,0.00529874649056948,0.025
SYNCOPE,9,RandomForest,BESTFIRST,NONE,NONE,0.0,0.0,572.0,73.0,NaN,0.0,0.5444487019829486,0.0,NaN
SYNCOPE,9,RandomForest,NONE,SMOTE,NONE,0.0,6.0,566.0,73.0,0.0,0.0,0.5277684644123001,-0.017492362067932858,0.0
SYNCOPE,9,RandomForest,NONE,OVERSAMPLING,NONE,0.0,7.0,565.0,73.0,0.0,0.0,0.6103553980266309,-0.02020641385582641,0.0
SYNCOPE,9,RandomForest,NONE,UNDERSAMPLING,NONE,34.0,159.0,413.0,39.0,0.17616580310880828,0.4657534246575342,0.6649463550148481,0.10936453916536494,0.2556390977443609
SYNCOPE,9,RandomForest,NONE,NONE,COST_SENSITIVE_CLASSIFIER,9.0,41.0,531.0,64.0,0.18,0.1232876712328767,0.5258046747772775,0.05983202609842468,0.14634146341463414
SYNCOPE,10,RandomForest,NONE,NONE,NONE,0.0,0.0,573.0,73.0,NaN,0.0,0.5155753185588946,0.0,NaN
SYNCOPE,10,RandomForest,BESTFIRST,NONE,NONE,0.0,0.0,573.0,73.0,NaN,0.0,0.5064548518970092,0.0,NaN
SYNCOPE,10,RandomForest,NONE,SMOTE,NONE,0.0,1.0,572.0,73.0,0.0,0.0,0.5093356283917856,-0.003063494061857213,0.0
SYNCOPE,10,RandomForest,NONE,OVERSAMPLING,NONE,0.0,0.0,573.0,73.0,NaN,0.0,0.504578163475101,0.0,NaN
SYNCOPE,10,RandomForest,NONE,UNDERSAMPLING,NONE,6.0,40.0,533.0,67.0,0.13043478260869565,0.0821917808219178,0.5410480766932033,0.014766669517374934,0.10084033613445378
SYNCOPE,10,RandomForest,NONE,NONE,COST_SENSITIVE_CLASSIFIER,0.0,2.0,571.0,73.0,0.0,0.0,0.49825479930191974,-0.006063374724863616,0.0
SYNCOPE,11,RandomForest,NONE,NONE,NONE,2.0,15.0,569.0,64.0,0.11764705882352941,0.030303030303030304,0.5682207347447074,0.006885081035083003,0.04819277108433735
SYNCOPE,11,RandomForest,BESTFIRST,NONE,NONE,4.0,17.0,567.0,62.0,0.19047619047619047,0.06060606060606061,0.604244499792445,0.04514857376622493,0.09195402298850575
SYNCOPE,11,RandomForest,NONE,SMOTE,NONE,3.0,22.0,562.0,63.0,0.12,0.045454545454545456,0.5736690535491905,0.01074306177260568,0.06593406593406592
SYNCOPE,11,RandomForest,NONE,OVERSAMPLING,NONE,3.0,30.0,554.0,63.0,0.09090909090909091,0.045454545454545456,0.5249325446243255,-0.007600760076007572,0.060606060606060615
SYNCOPE,11,RandomForest,NONE,UNDERSAMPLING,NONE,40.0,314.0,270.0,26.0,0.11299435028248588,0.6060606060606061,0.5536270236612703,0.02329939188233635,0.1904761904761905
SYNCOPE,11,RandomForest,NONE,NONE,COST_SENSITIVE_CLASSIFIER,19.0,133.0,451.0,47.0,0.125,0.2878787878787879,0.5300695309256953,0.03811371633397988,0.1743119266055046
SYNCOPE,12,RandomForest,NONE,NONE,NONE,0.0,0.0,557.0,97.0,NaN,0.0,0.5317514668048641,0.0,NaN
SYNCOPE,12,RandomForest,BESTFIRST,NONE,NONE,1.0,0.0,557.0,96.0,1.0,0.010309278350515464,0.5279386995872587,0.01743403549406885,0.020408163265306124
SYNCOPE,12,RandomForest,NONE,SMOTE,NONE,1.0,3.0,554.0,96.0,0.25,0.010309278350515464,0.5520276147994595,0.008149759490180796,0.0198019801980198
SYNCOPE,12,RandomForest,NONE,OVERSAMPLING,NONE,0.0,0.0,557.0,97.0,NaN,0.0,0.5304558662940273,0.0,NaN
SYNCOPE,12,RandomForest,NONE,UNDERSAMPLING,NONE,11.0,36.0,521.0,86.0,0.23404255319148937,0.1134020618556701,0.5688796757297007,0.06195772296550554,0.1527777777777778
SYNCOPE,12,RandomForest,NONE,NONE,COST_SENSITIVE_CLASSIFIER,3.0,7.0,550.0,94.0,0.3,0.030927835051546393,0.5091802550482148,0.02916017519621405,0.056074766355140186
SYNCOPE,13,RandomForest,NONE,NONE,NONE,0.0,6.0,575.0,75.0,0.0,0.0,0.6022145725760184,-0.017229496898691268,0.0
SYNCOPE,13,RandomForest,BESTFIRST,NONE,NONE,1.0,0.0,581.0,74.0,1.0,0.013333333333333334,0.6056110154905335,0.023377459461634942,0.02631578947368421
SYNCOPE,13,RandomForest,NONE,SMOTE,NONE,0.0,6.0,575.0,75.0,0.0,0.0,0.5969477911646587,-0.017229496898691268,0.0
SYNCOPE,13,RandomForest,NONE,OVERSAMPLING,NONE,0.0,1.0,580.0,75.0,0.0,0.0,0.5939300057372346,-0.003017744336699276,0.0
SYNCOPE,13,RandomForest,NONE,UNDERSAMPLING,NONE,44.0,258.0,323.0,31.0,0.1456953642384106,0.5866666666666667,0.6274928284566839,0.06152109775656884,0.23342175066312995
SYNCOPE,13,RandomForest,NONE,NONE,COST_SENSITIVE_CLASSIFIER,23.0,84.0,497.0,52.0,0.21495327102803738,0.30666666666666664,0.5810441767068273,0.13669176133614608,0.2527472527472527
SYNCOPE,14,RandomForest,NONE,NONE,NONE,3.0,23.0,573.0,90.0,0.11538461538461539,0.03225806451612903,0.6779425561088258,-0.009098567818028517,0.05042016806722689
SYNCOPE,14,RandomForest,BESTFIRST,NONE,NONE,24.0,58.0,538.0,69.0,0.2926829268292683,0.25806451612903225,0.678564985206033,0.16919381331712927,0.27428571428571424
SYNCOPE,14,RandomForest,NONE,SMOTE,NONE,7.0,52.0,544.0,86.0,0.11864406779661017,0.07526881720430108,0.6477231724038393,-0.014164728971563819,0.09210526315789473
SYNCOPE,14,RandomForest,NONE,OVERSAMPLING,NONE,7.0,20.0,576.0,86.0,0.25925925925925924,0.07526881720430108,0.7108681532799307,0.05954312498390371,0.11666666666666668
SYNCOPE,14,RandomForest,NONE,UNDERSAMPLING,NONE,69.0,271.0,325.0,24.0,0.20294117647058824,0.7419354838709677,0.6890831348776791,0.13544196650744142,0.3187066974595843
SYNCOPE,14,RandomForest,NONE,NONE,COST_SENSITIVE_CLASSIFIER,60.0,234.0,362.0,33.0,0.20408163265306123,0.6451612903225806,0.6262719203290755,0.1320821479625776,0.310077519379845
SYNCOPE,15,RandomForest,NONE,NONE,NONE,0.0,4.0,699.0,19.0,0.0,0.0,0.7371041401512316,-0.009237875288683318,0.0
SYNCOPE,15,RandomForest,BESTFIRST,NONE,NONE,1.0,5.0,698.0,18.0,0.16666666666666666,0.05263157894736842,0.6253649771655312,0.06823027718549912,0.08
SYNCOPE,15,RandomForest,NONE,SMOTE,NONE,0.0,6.0,697.0,19.0,0.0,0.0,0.7545856105412893,-0.01279317697228271,0.0
SYNCOPE,15,RandomForest,NONE,OVERSAMPLING,NONE,0.0,4.0,699.0,19.0,0.0,0.0,0.6700980759152504,-0.009237875288683318,0.0
SYNCOPE,15,RandomForest,NONE,UNDERSAMPLING,NONE,10.0,146.0,557.0,9.0,0.0641025641025641,0.5263157894736842,0.7547727783184847,0.07068475859892741,0.11428571428571427
SYNCOPE,15,RandomForest,NONE,NONE,COST_SENSITIVE_CLASSIFIER,4.0,72.0,631.0,15.0,0.05263157894736842,0.21052631578947367,0.5540540540540541,0.04395604395604441,0.08421052631578947
SYNCOPE,16,RandomForest,NONE,NONE,NONE,11.0,27.0,643.0,43.0,0.2894736842105263,0.2037037037037037,0.6625898286346048,0.18917189299884749,0.23913043478260868
SYNCOPE,16,RandomForest,BESTFIRST,NONE,NONE,12.0,26.0,644.0,42.0,0.3157894736842105,0.2222222222222222,0.6793808734107242,0.21233841034173795,0.2608695652173913
SYNCOPE,16,RandomForest,NONE,SMOTE,NONE,12.0,48.0,622.0,42.0,0.2,0.2222222222222222,0.720771144278607,0.1432628589460403,0.2105263157894737
SYNCOPE,16,RandomForest,NONE,OVERSAMPLING,NONE,9.0,25.0,645.0,45.0,0.2647058823529412,0.16666666666666666,0.6488391376451078,0.1558960692871419,0.2045454545454545
SYNCOPE,16,RandomForest,NONE,UNDERSAMPLING,NONE,31.0,311.0,359.0,23.0,0.09064327485380116,0.5740740740740741,0.6301271420674406,0.031837545241984545,0.15656565656565655
SYNCOPE,16,RandomForest,NONE,NONE,COST_SENSITIVE_CLASSIFIER,26.0,172.0,498.0,28.0,0.13131313131313133,0.48148148148148145,0.6123825317855168,0.10097849302140782,0.20634920634920637
SYNCOPE,17,RandomForest,NONE,NONE,NONE,0.0,7.0,760.0,20.0,0.0,0.0,0.7000325945241199,-0.013353044971149124,0.0
SYNCOPE,17,RandomForest,BESTFIRST,NONE,NONE,3.0,22.0,745.0,17.0,0.12,0.15,0.659941329856584,0.10815051576347562,0.1333333333333333
SYNCOPE,17,RandomForest,NONE,SMOTE,NONE,0.0,82.0,685.0,20.0,0.0,0.0,0.6157105606258149,-0.04260072213419149,0.0
SYNCOPE,17,RandomForest,NONE,OVERSAMPLING,NONE,0.0,14.0,753.0,20.0,0.0,0.0,0.7336375488917862,-0.021375677532635435,0.0
SYNCOPE,17,RandomForest,NONE,UNDERSAMPLING,NONE,11.0,327.0,440.0,9.0,0.03254437869822485,0.55,0.6347783572359843,0.014144788350122688,0.061452513966480445
SYNCOPE,17,RandomForest,NONE,NONE,COST_SENSITIVE_CLASSIFIER,11.0,219.0,548.0,9.0,0.04782608695652174,0.55,0.6322359843546285,0.04326312983204456,0.08800000000000001
SYNCOPE,18,RandomForest,NONE,NONE,NONE,2.0,20.0,633.0,15.0,0.09090909090909091,0.11764705882352941,0.7468246103954599,0.07611693325978992,0.10256410256410256
SYNCOPE,18,RandomForest,BESTFIRST,NONE,NONE,2.0,34.0,619.0,15.0,0.05555555555555555,0.11764705882352941,0.6968741554814881,0.042466312780727045,0.07547169811320754
SYNCOPE,18,RandomForest,NONE,SMOTE,NONE,3.0,180.0,473.0,14.0,0.01639344262295082,0.17647058823529413,0.4785604900459418,-0.01723301350780271,0.030000000000000002
SYNCOPE,18,RandomForest,NONE,OVERSAMPLING,NONE,4.0,29.0,624.0,13.0,0.12121212121212122,0.23529411764705882,0.7248896495811188,0.13089134597566243,0.16
SYNCOPE,18,RandomForest,NONE,UNDERSAMPLING,NONE,12.0,194.0,459.0,5.0,0.05825242718446602,0.7058823529411765,0.7799747770471128,0.06373326966560398,0.10762331838565024
SYNCOPE,18,RandomForest,NONE,NONE,COST_SENSITIVE_CLASSIFIER,11.0,175.0,478.0,6.0,0.05913978494623656,0.6470588235294118,0.6895324745518422,0.06489520842650738,0.1083743842364532
SYNCOPE,19,RandomForest,NONE,NONE,NONE,4.0,24.0,747.0,37.0,0.14285714285714285,0.0975609756097561,0.7160007592293822,0.07816571130797227,0.11594202898550725
SYNCOPE,19,RandomForest,BESTFIRST,NONE,NONE,6.0,23.0,748.0,35.0,0.20689655172413793,0.14634146341463414,0.7326563538008921,0.13525026624068212,0.1714285714285714
SYNCOPE,19,RandomForest,NONE,SMOTE,NONE,14.0,143.0,628.0,27.0,0.08917197452229299,0.34146341463414637,0.6521147701749391,0.06667928763640789,0.1414141414141414
SYNCOPE,19,RandomForest,NONE,OVERSAMPLING,NONE,5.0,32.0,739.0,36.0,0.13513513513513514,0.12195121951219512,0.710575432602575,0.08434214453915244,0.1282051282051282
SYNCOPE,19,RandomForest,NONE,UNDERSAMPLING,NONE,35.0,349.0,422.0,6.0,0.09114583333333333,0.8536585365853658,0.7331941412799342,0.08083874341543051,0.16470588235294117
SYNCOPE,19,RandomForest,NONE,NONE,COST_SENSITIVE_CLASSIFIER,20.0,154.0,617.0,21.0,0.11494252873563218,0.4878048780487805,0.6440321407105122,0.11360347322720693,0.18604651162790697
SYNCOPE,20,RandomForest,NONE,NONE,NONE,3.0,84.0,716.0,15.0,0.034482758620689655,0.16666666666666666,0.58625,0.021460160951207372,0.05714285714285715
SYNCOPE,20,RandomForest,BESTFIRST,NONE,NONE,3.0,97.0,703.0,15.0,0.03,0.16666666666666666,0.6903819444444445,0.014076019112393028,0.05084745762711864
SYNCOPE,20,RandomForest,NONE,SMOTE,NONE,12.0,309.0,491.0,6.0,0.037383177570093455,0.6666666666666666,0.6895138888888889,0.03038992120295325,0.07079646017699114
SYNCOPE,20,RandomForest,NONE,OVERSAMPLING,NONE,3.0,91.0,709.0,15.0,0.031914893617021274,0.16666666666666666,0.5376736111111111,0.017272644845407786,0.05357142857142857
SYNCOPE,20,RandomForest,NONE,UNDERSAMPLING,NONE,17.0,454.0,346.0,1.0,0.036093418259023353,0.9444444444444444,0.7419791666666666,0.02834124361042803,0.06952965235173825
SYNCOPE,20,RandomForest,NONE,NONE,COST_SENSITIVE_CLASSIFIER,9.0,299.0,501.0,9.0,0.02922077922077922,0.5,0.563125,0.014226465294624147,0.05521472392638036
SYNCOPE,21,RandomForest,NONE,NONE,NONE,1.0,6.0,1533.0,11.0,0.14285714285714285,0.08333333333333333,0.624620965995235,0.10013310125934265,0.10526315789473685
SYNCOPE,21,RandomForest,BESTFIRST,NONE,NONE,1.0,3.0,1536.0,11.0,0.25,0.08333333333333333,0.6572449642625081,0.12160194174757041,0.125
SYNCOPE,21,RandomForest,NONE,SMOTE,NONE,1.0,14.0,1525.0,11.0,0.06666666666666667,0.08333333333333333,0.7848711284383799,0.066045234482265,0.07407407407407407
SYNCOPE,21,RandomForest,NONE,OVERSAMPLING,NONE,2.0,25.0,1514.0,10.0,0.07407407407407407,0.16666666666666666,0.6035304310158112,0.09284604201132729,0.10256410256410256
SYNCOPE,21,RandomForest,NONE,UNDERSAMPLING,NONE,5.0,397.0,1142.0,7.0,0.012437810945273632,0.4166666666666667,0.6453866146848602,0.009268482416446056,0.02415458937198068
SYNCOPE,21,RandomForest,NONE,NONE,COST_SENSITIVE_CLASSIFIER,2.0,189.0,1350.0,10.0,0.010471204188481676,0.16666666666666666,0.5219298245614035,0.005221275731703575,0.019704433497536946
SYNCOPE,22,RandomForest,NONE,NONE,NONE,0.0,11.0,933.0,37.0,0.0,0.0,0.7399793861658268,-0.017590871763841873,0.0
SYNCOPE,22,RandomForest,BESTFIRST,NONE,NONE,3.0,10.0,934.0,34.0,0.23076923076923078,0.08108108108108109,0.653530119102153,0.10239560805190545,0.12
SYNCOPE,22,RandomForest,NONE,SMOTE,NONE,0.0,14.0,930.0,37.0,0.0,0.0,0.7310610398534128,-0.021145014797428186,0.0
SYNCOPE,22,RandomForest,NONE,OVERSAMPLING,NONE,3.0,32.0,912.0,34.0,0.08571428571428572,0.08108108108108109,0.7422268666972057,0.04844066899855971,0.08333333333333334
SYNCOPE,22,RandomForest,NONE,UNDERSAMPLING,NONE,27.0,440.0,504.0,10.0,0.057815845824411134,0.7297297297297297,0.7418689876316995,0.040046448313204135,0.10714285714285715
SYNCOPE,22,RandomForest,NONE,NONE,COST_SENSITIVE_CLASSIFIER,26.0,280.0,664.0,11.0,0.08496732026143791,0.7027027027027027,0.7030462666055887,0.09039029566115091,0.15160349854227403
SYNCOPE,23,RandomForest,NONE,NONE,NONE,0.0,0.0,1030.0,60.0,NaN,0.0,0.6753398058252427,0.0,NaN
SYNCOPE,23,RandomForest,BESTFIRST,NONE,NONE,0.0,2.0,1028.0,60.0,0.0,0.0,0.564336569579288,-0.00356400356400272,0.0
SYNCOPE,23,RandomForest,NONE,SMOTE,NONE,1.0,5.0,1025.0,59.0,0.16666666666666666,0.016666666666666666,0.6656472491909385,0.020499859590002435,0.0303030303030303
SYNCOPE,23,RandomForest,NONE,OVERSAMPLING,NONE,0.0,3.0,1027.0,60.0,0.0,0.0,0.66834142394822,-0.005270092226613678,0.0
SYNCOPE,23,RandomForest,NONE,UNDERSAMPLING,NONE,20.0,170.0,860.0,40.0,0.10526315789473684,0.3333333333333333,0.6913511326860842,0.08329995995194234,0.16
SYNCOPE,23,RandomForest,NONE,NONE,COST_SENSITIVE_CLASSIFIER,12.0,83.0,947.0,48.0,0.12631578947368421,0.2,0.5597087378640777,0.09368454458901933,0.15483870967741936
SYNCOPE,24,RandomForest,NONE,NONE,NONE,2.0,26.0,1083.0,73.0,0.07142857142857142,0.02666666666666667,0.663931469792606,0.0045519396698140155,0.038834951456310676
SYNCOPE,24,RandomForest,BESTFIRST,NONE,NONE,7.0,53.0,1056.0,68.0,0.11666666666666667,0.09333333333333334,0.6572107003306282,0.05022540440201517,0.1037037037037037
SYNCOPE,24,RandomForest,NONE,SMOTE,NONE,2.0,45.0,1064.0,73.0,0.0425531914893617,0.02666666666666667,0.6542410580102194,-0.016841584302537675,0.03278688524590164
SYNCOPE,24,RandomForest,NONE,OVERSAMPLING,NONE,4.0,36.0,1073.0,71.0,0.1,0.05333333333333334,0.6599458972046889,0.02667486170866641,0.06956521739130435
SYNCOPE,24,RandomForest,NONE,UNDERSAMPLING,NONE,45.0,465.0,644.0,30.0,0.08823529411764706,0.6,0.6191644123835287,0.048787613204791136,0.15384615384615385
SYNCOPE,24,RandomForest,NONE,NONE,COST_SENSITIVE_CLASSIFIER,34.0,297.0,812.0,41.0,0.1027190332326284,0.4533333333333333,0.5927622482717163,0.0715965981060376,0.16748768472906406
SYNCOPE,25,RandomForest,NONE,NONE,NONE,2.0,2.0,1397.0,77.0,0.5,0.02531645569620253,0.7686186335628523,0.04326379443142443,0.048192771084337345
SYNCOPE,25,RandomForest,BESTFIRST,NONE,NONE,3.0,2.0,1397.0,76.0,0.6,0.0379746835443038,0.7181621592276581,0.06548207713882655,0.07142857142857144
SYNCOPE,25,RandomForest,NONE,SMOTE,NONE,13.0,35.0,1364.0,66.0,0.2708333333333333,0.16455696202531644,0.7188498113480696,0.1712394932323647,0.2047244094488189
SYNCOPE,25,RandomForest,NONE,OVERSAMPLING,NONE,5.0,11.0,1388.0,74.0,0.3125,0.06329113924050633,0.7364889930420463,0.08885858922847059,0.10526315789473685
SYNCOPE,25,RandomForest,NONE,UNDERSAMPLING,NONE,51.0,416.0,983.0,28.0,0.10920770877944326,0.6455696202531646,0.7390676884935895,0.10497789149511312,0.18681318681318682
SYNCOPE,25,RandomForest,NONE,NONE,COST_SENSITIVE_CLASSIFIER,46.0,300.0,1099.0,33.0,0.1329479768786127,0.5822784810126582,0.6839197980474299,0.14177951531172725,0.21647058823529408
SYNCOPE,26,RandomForest,NONE,NONE,NONE,0.0,3.0,1230.0,95.0,0.0,0.0,0.6842788235796303,-0.00439903066973378,0.0
SYNCOPE,26,RandomForest,BESTFIRST,NONE,NONE,4.0,22.0,1211.0,91.0,0.15384615384615385,0.042105263157894736,0.6399368250309472,0.03649485065618854,0.06611570247933884
SYNCOPE,26,RandomForest,NONE,SMOTE,NONE,15.0,168.0,1065.0,80.0,0.08196721311475409,0.15789473684210525,0.6218679301660477,0.015160848529068852,0.1079136690647482
SYNCOPE,26,RandomForest,NONE,OVERSAMPLING,NONE,1.0,6.0,1227.0,94.0,0.14285714285714285,0.010526315789473684,0.6820079395569215,0.009886226384145994,0.0196078431372549
SYNCOPE,26,RandomForest,NONE,UNDERSAMPLING,NONE,57.0,317.0,916.0,38.0,0.15240641711229946,0.6,0.699137747044009,0.14558912014382755,0.24307036247334754
SYNCOPE,26,RandomForest,NONE,NONE,COST_SENSITIVE_CLASSIFIER,32.0,180.0,1053.0,63.0,0.1509433962264151,0.3368421052631579,0.5954283519016519,0.12169312169312128,0.20846905537459282
SYNCOPE,27,RandomForest,NONE,NONE,NONE,13.0,34.0,1218.0,91.0,0.2765957446808511,0.125,0.6833604694028017,0.13068006975074337,0.17218543046357615
SYNCOPE,27,RandomForest,BESTFIRST,NONE,NONE,15.0,41.0,1211.0,89.0,0.26785714285714285,0.14423076923076922,0.671233718358319,0.1414043017456365,0.18749999999999997
SYNCOPE,27,RandomForest,NONE,SMOTE,NONE,75.0,543.0,709.0,29.0,0.12135922330097088,0.7211538461538461,0.7055864463013025,0.08801535118661293,0.20775623268698062
SYNCOPE,27,RandomForest,NONE,OVERSAMPLING,NONE,17.0,58.0,1194.0,87.0,0.22666666666666666,0.16346153846153846,0.6381481936593758,0.13430548951233695,0.1899441340782123
SYNCOPE,27,RandomForest,NONE,UNDERSAMPLING,NONE,81.0,499.0,753.0,23.0,0.1396551724137931,0.7788461538461539,0.7535558491029737,0.12273691724999483,0.23684210526315788
SYNCOPE,27,RandomForest,NONE,NONE,COST_SENSITIVE_CLASSIFIER,58.0,366.0,886.0,46.0,0.13679245283018868,0.5576923076923077,0.6326800196608503,0.11007747986542973,0.2196969696969697
SYNCOPE,28,RandomForest,NONE,NONE,NONE,0.0,0.0,1290.0,162.0,NaN,0.0,0.734610967556704,0.0,NaN
SYNCOPE,28,RandomForest,BESTFIRST,NONE,NONE,3.0,1.0,1289.0,159.0,0.75,0.018518518518518517,0.6417288735764188,0.030934027430173167,0.03614457831325301
SYNCOPE,28,RandomForest,NONE,SMOTE,NONE,3.0,45.0,1245.0,159.0,0.0625,0.018518518518518517,0.6430878552971576,-0.02363772082607607,0.02857142857142857
SYNCOPE,28,RandomForest,NONE,OVERSAMPLING,NONE,0.0,1.0,1289.0,162.0,0.0,0.0,0.7179155900086133,-0.0013708367181153277,0.0
SYNCOPE,28,RandomForest,NONE,UNDERSAMPLING,NONE,64.0,128.0,1162.0,98.0,0.3333333333333333,0.3950617283950617,0.7590223944875107,0.27367861885790173,0.3615819209039548
SYNCOPE,28,RandomForest,NONE,NONE,COST_SENSITIVE_CLASSIFIER,29.0,61.0,1229.0,133.0,0.32222222222222224,0.17901234567901234,0.565862761986793,0.16349511795310412,0.23015873015873017
SYNCOPE,29,RandomForest,NONE,NONE,NONE,0.0,6.0,1389.0,156.0,0.0,0.0,0.7785520632294826,-0.007506315409599078,0.0
SYNCOPE,29,RandomForest,BESTFIRST,NONE,NONE,6.0,20.0,1375.0,150.0,0.23076923076923078,0.038461538461538464,0.7873150445731091,0.03829740671845993,0.06593406593406592
SYNCOPE,29,RandomForest,NONE,SMOTE,NONE,1.0,25.0,1370.0,155.0,0.038461538461538464,0.00641025641025641,0.6307255766933186,-0.018273334062807765,0.01098901098901099
SYNCOPE,29,RandomForest,NONE,OVERSAMPLING,NONE,2.0,6.0,1389.0,154.0,0.25,0.01282051282051282,0.7845119933829611,0.014721997236647709,0.024390243902439022
SYNCOPE,29,RandomForest,NONE,UNDERSAMPLING,NONE,111.0,343.0,1052.0,45.0,0.2444933920704846,0.7115384615384616,0.7814516129032258,0.2519373195999315,0.3639344262295082
SYNCOPE,29,RandomForest,NONE,NONE,COST_SENSITIVE_CLASSIFIER,74.0,174.0,1221.0,82.0,0.29838709677419356,0.47435897435897434,0.6748138957816378,0.2770652625139288,0.3663366336633663
SYNCOPE,30,RandomForest,NONE,NONE,NONE,0.0,1.0,1389.0,187.0,0.0,0.0,0.6655330281229562,-0.001263078263571282,0.0
SYNCOPE,30,RandomForest,BESTFIRST,NONE,NONE,0.0,4.0,1386.0,187.0,0.0,0.0,0.6348497672450275,-0.0049914751210330425,0.0
SYNCOPE,30,RandomForest,NONE,SMOTE,NONE,9.0,27.0,1363.0,178.0,0.25,0.0481283422459893,0.7173527488169892,0.04412090820119043,0.08071748878923768
SYNCOPE,30,RandomForest,NONE,OVERSAMPLING,NONE,1.0,3.0,1387.0,186.0,0.25,0.0053475935828877,0.665248336090486,0.005531995822642586,0.010471204188481674
SYNCOPE,30,RandomForest,NONE,UNDERSAMPLING,NONE,74.0,181.0,1209.0,113.0,0.2901960784313726,0.39572192513368987,0.7219501404224214,0.22940711094564412,0.334841628959276
SYNCOPE,30,RandomForest,NONE,NONE,COST_SENSITIVE_CLASSIFIER,34.0,102.0,1288.0,153.0,0.25,0.18181818181818182,0.5542184434270765,0.12294686885914498,0.2105263157894737
SYNCOPE,31,RandomForest,NONE,NONE,NONE,8.0,78.0,1431.0,99.0,0.09302325581395349,0.07476635514018691,0.6369230102252529,0.0253915034550435,0.08290155440414507
SYNCOPE,31,RandomForest,BESTFIRST,NONE,NONE,17.0,84.0,1425.0,90.0,0.16831683168316833,0.1588785046728972,0.6465939565101603,0.1059730250481696,0.16346153846153846
SYNCOPE,31,RandomForest,NONE,SMOTE,NONE,22.0,158.0,1351.0,85.0,0.12222222222222222,0.205607476635514,0.6904956553513808,0.0766191990067534,0.15331010452961674
SYNCOPE,31,RandomForest,NONE,OVERSAMPLING,NONE,8.0,82.0,1427.0,99.0,0.08888888888888889,0.07476635514018691,0.6221208574100567,0.022053415002741647,0.08121827411167513
SYNCOPE,31,RandomForest,NONE,UNDERSAMPLING,NONE,81.0,769.0,740.0,26.0,0.09529411764705882,0.7570093457943925,0.629565287403306,0.05854557925622802,0.16927899686520376
SYNCOPE,31,RandomForest,NONE,NONE,COST_SENSITIVE_CLASSIFIER,47.0,411.0,1098.0,60.0,0.10262008733624454,0.4392523364485981,0.583443265639806,0.06612288166786918,0.1663716814159292
SYNCOPE,32,RandomForest,NONE,NONE,NONE,14.0,48.0,1465.0,93.0,0.22580645161290322,0.1308411214953271,0.6867738169509114,0.12318818326986845,0.16568047337278105
SYNCOPE,32,RandomForest,BESTFIRST,NONE,NONE,5.0,7.0,1506.0,102.0,0.4166666666666667,0.04672897196261682,0.6382689587438461,0.0716674026875275,0.08403361344537814
SYNCOPE,32,RandomForest,NONE,SMOTE,NONE,49.0,404.0,1109.0,58.0,0.10816777041942605,0.45794392523364486,0.686406285710756,0.07629421739742147,0.175
SYNCOPE,32,RandomForest,NONE,OVERSAMPLING,NONE,17.0,80.0,1433.0,90.0,0.17525773195876287,0.1588785046728972,0.640183827390034,0.11081550551785173,0.16666666666666666
SYNCOPE,32,RandomForest,NONE,UNDERSAMPLING,NONE,94.0,1016.0,497.0,13.0,0.08468468468468468,0.8785046728971962,0.6688975915894028,0.03865051903114187,0.1544782251437962
SYNCOPE,32,RandomForest,NONE,NONE,COST_SENSITIVE_CLASSIFIER,55.0,420.0,1093.0,52.0,0.11578947368421053,0.514018691588785,0.6182122539239365,0.09100203283443684,0.18900343642611683
SYNCOPE,33,RandomForest,NONE,NONE,NONE,1.0,6.0,1517.0,97.0,0.14285714285714285,0.01020408163265306,0.6348975571843971,0.011076033713788779,0.019047619047619042
SYNCOPE,33,RandomForest,BESTFIRST,NONE,NONE,2.0,4.0,1519.0,96.0,0.3333333333333333,0.02040816326530612,0.60182306671848,0.03170696740896385,0.03846153846153846
SYNCOPE,33,RandomForest,NONE,SMOTE,NONE,7.0,44.0,1479.0,91.0,0.13725490196078433,0.07142857142857142,0.7024233856379059,0.05484315410762244,0.09395973154362415
SYNCOPE,33,RandomForest,NONE,OVERSAMPLING,NONE,2.0,8.0,1515.0,96.0,0.2,0.02040816326530612,0.5673851287067684,0.026133974166415563,0.03703703703703703
SYNCOPE,33,RandomForest,NONE,UNDERSAMPLING,NONE,49.0,327.0,1196.0,49.0,0.13031914893617022,0.5,0.730570034973937,0.1225955794074204,0.20675105485232068
SYNCOPE,33,RandomForest,NONE,NONE,COST_SENSITIVE_CLASSIFIER,13.0,73.0,1450.0,85.0,0.1511627906976744,0.1326530612244898,0.5423606737507872,0.08986951330452611,0.14130434782608697
