LOC,LOC_touched,NR,NFix,NAuth,LOC_added,MAX_LOC_added,Churn,MAX_Churn,AVG_Churn,AVG_Holiday,Buggy
35,37,2,0,2,36,35,35,35,17.5,0.0,NO
231,255,5,0,2,243,224,231,224,46.2,0.0,YES
92,1576,6,0,3,834,763,92,763,15.333333,0.0,NO
50,56,2,0,2,53,50,50,50,25.0,0.0,NO
29,31,2,0,2,30,29,29,29,14.5,0.0,NO
37,43,2,0,2,40,37,37,37,18.5,0.0,NO
180,210,4,0,2,195,168,180,168,45.0,0.0,NO
147,147,1,0,1,147,147,147,147,147.0,0.0,NO
98,100,2,0,2,99,98,98,98,49.0,0.0,NO
149,155,2,0,2,152,149,149,149,74.5,0.0,YES
45,45,1,0,1,45,45,45,45,45.0,0.0,NO
105,191,5,0,3,148,103,105,103,21.0,0.0,YES
227,331,3,0,2,279,226,227,226,75.666664,0.0,NO
98,106,2,0,2,102,98,98,98,49.0,0.0,NO
96,118,4,0,2,107,95,96,95,24.0,0.0,NO
60,62,2,0,2,61,60,60,60,30.0,0.0,NO
68,90,2,0,2,79,68,68,68,34.0,0.0,YES
74,82,2,0,2,78,74,74,74,37.0,0.0,NO
603,763,9,0,3,683,573,603,573,67.0,0.0,YES
62,62,1,0,1,62,62,62,62,62.0,0.0,NO
84,102,4,0,2,93,83,84,83,21.0,0.0,NO
157,171,3,0,3,164,151,157,151,52.333332,0.0,YES
35,35,1,0,1,35,35,35,35,35.0,0.0,YES
41,43,2,0,2,42,41,41,41,20.5,0.0,NO
177,185,3,0,2,181,176,177,176,59.0,0.0,YES
66,92,2,0,2,79,65,66,65,33.0,0.0,NO
84,182,3,0,2,133,83,84,83,28.0,0.0,NO
39,59,3,0,2,49,38,39,38,13.0,0.0,NO
53,53,1,0,1,53,53,53,53,53.0,0.0,NO
197,219,4,0,3,208,187,197,187,49.25,0.0,YES
72,72,1,0,1,72,72,72,72,72.0,0.0,NO
91,101,2,0,2,96,91,91,91,45.5,0.0,NO
169,295,9,0,3,232,140,169,140,18.777779,0.0,YES
22,22,1,0,1,22,22,22,22,22.0,0.0,NO
248,328,7,0,3,288,198,248,198,35.42857,0.0,YES
193,193,1,0,1,193,193,193,193,193.0,0.0,YES
50,50,1,0,1,50,50,50,50,50.0,0.0,NO
74,78,2,0,2,76,73,74,73,37.0,0.0,YES
98,102,2,0,2,100,97,98,97,49.0,0.0,NO
62,62,1,0,1,62,62,62,62,62.0,0.0,NO
737,1035,3,0,2,886,736,737,736,245.66667,0.0,YES
48,64,3,0,2,56,48,48,48,16.0,0.0,NO
566,634,4,0,3,600,561,566,561,141.5,0.0,YES
385,415,6,0,3,400,364,385,364,64.166664,0.0,YES
46,48,2,0,2,47,46,46,46,23.0,0.0,NO
61,71,3,0,3,66,61,61,61,20.333334,0.0,YES
29,31,2,0,2,30,29,29,29,14.5,0.0,YES
56,56,1,0,1,56,56,56,56,56.0,0.0,YES
204,216,5,0,3,210,124,204,124,40.8,0.0,YES
393,585,11,0,3,489,209,393,209,35.727272,0.0,YES
28,28,1,0,1,28,28,28,28,28.0,0.0,NO
114,132,4,0,2,123,113,114,113,28.5,0.0,YES
1026,1466,14,0,3,1246,545,1026,545,73.28571,0.0,YES
369,369,1,0,1,369,369,369,369,369.0,0.0,YES
183,223,4,0,3,203,185,183,185,45.75,0.0,NO
58,62,2,0,2,60,57,58,57,29.0,0.0,NO
728,1134,6,0,2,931,714,728,714,121.333336,0.0,YES
42,42,1,0,1,42,42,42,42,42.0,0.0,NO
289,291,2,0,2,290,289,289,289,144.5,0.0,YES
103,164,2,0,2,134,104,104,104,52.0,0.0,NO
181,225,7,0,3,203,178,181,178,25.857143,0.0,YES
42,42,1,0,1,42,42,42,42,42.0,0.0,NO
64,96,2,0,2,80,64,64,64,32.0,0.0,NO
548,1532,9,0,3,1040,410,548,410,60.88889,0.0,YES
138,138,1,0,1,138,138,138,138,138.0,0.0,YES
78,78,1,0,1,78,78,78,78,78.0,0.0,YES
52,56,2,0,2,54,52,52,52,26.0,0.0,YES
58,60,2,0,2,59,58,58,58,29.0,0.0,NO
137,163,4,0,2,150,136,137,136,34.25,0.0,YES
58,68,3,0,2,63,58,58,58,19.333334,0.0,NO
41,41,1,0,1,41,41,41,41,41.0,0.0,NO
38,42,2,0,2,40,38,38,38,19.0,0.0,NO
69,127,3,0,3,98,94,69,94,23.0,0.0,NO
452,492,4,0,2,472,450,452,450,113.0,0.0,YES
87,89,2,0,2,88,87,87,87,43.5,0.0,YES
72,74,2,0,2,73,72,72,72,36.0,0.0,YES
85,87,2,0,2,86,85,85,85,42.5,0.0,NO
81,81,1,0,1,81,81,81,81,81.0,0.0,YES
75,87,2,0,2,81,75,75,75,37.5,0.0,YES
32,38,2,0,2,35,31,32,31,16.0,0.0,YES
99,117,4,0,2,108,98,99,98,24.75,0.0,YES
159,167,3,0,2,163,158,159,158,53.0,0.0,NO
205,219,4,0,2,212,204,205,204,51.25,0.0,YES
271,289,4,0,3,280,249,271,249,67.75,0.0,YES
101,201,3,0,2,151,100,101,100,33.666668,0.0,NO
70,82,3,0,2,76,70,70,70,23.333334,0.0,NO
514,514,1,0,1,514,514,514,514,514.0,0.0,YES
54,64,3,0,3,59,54,54,54,18.0,0.0,NO
111,111,1,0,1,111,111,111,111,111.0,0.0,NO
64,66,2,0,2,65,64,64,64,32.0,0.0,NO
88,94,3,0,2,91,87,88,87,29.333334,0.0,NO
43,43,1,0,1,43,43,43,43,43.0,0.0,NO
429,583,3,0,2,506,428,429,428,143.0,0.0,YES
74,78,2,0,2,76,74,74,74,37.0,0.0,NO
94,100,3,0,2,97,93,94,93,31.333334,0.0,NO
336,492,6,0,3,414,329,336,329,56.0,0.0,YES
154,176,3,0,2,165,153,154,153,51.333332,0.0,YES
234,642,6,0,3,438,209,234,209,39.0,0.0,YES
128,146,5,0,3,137,127,128,127,25.6,0.0,NO
762,2162,12,0,3,1462,547,762,547,63.5,0.0,YES
149,155,3,0,2,152,148,149,148,49.666668,0.0,NO
31,33,2,0,2,32,31,31,31,15.5,0.0,NO
94,94,1,0,1,94,94,94,94,94.0,0.0,YES
54,56,3,0,3,55,45,54,45,18.0,0.0,NO
63,71,2,0,2,67,63,63,63,31.5,0.0,NO
366,414,5,0,2,390,365,366,365,73.2,0.0,YES
185,229,5,0,3,207,184,185,184,37.0,0.0,YES
586,704,4,0,2,645,585,586,585,146.5,0.0,YES
105,107,2,0,1,106,61,105,61,52.5,0.0,YES
154,170,4,0,3,162,75,154,75,38.5,0.0,YES
57,65,2,0,2,61,57,57,57,28.5,0.0,NO
104,118,2,0,2,111,104,104,104,52.0,0.0,YES
237,277,2,0,2,257,237,237,237,118.5,0.0,YES
71,85,4,0,2,78,70,71,70,17.75,0.0,NO
124,130,2,0,2,127,124,124,124,62.0,0.0,NO
98,98,1,0,1,98,98,98,98,98.0,0.0,NO
183,221,4,0,2,202,180,183,180,45.75,0.0,YES
49,49,1,0,1,49,49,49,49,49.0,0.0,NO
148,148,1,0,1,148,148,148,148,148.0,0.0,YES
36,46,2,0,2,41,36,36,36,18.0,0.0,YES
79,109,3,0,2,94,78,79,78,26.333334,0.0,NO
133,145,3,0,2,139,133,133,133,44.333332,0.0,YES
37,37,1,0,1,37,37,37,37,37.0,0.0,NO
160,174,4,0,2,167,159,160,159,40.0,0.0,YES
253,257,2,0,1,255,251,253,251,126.5,0.0,YES
27,29,2,0,2,28,27,27,27,13.5,0.0,NO
92,160,4,0,3,126,91,92,91,23.0,0.0,YES
64,66,2,0,2,65,64,64,64,32.0,0.0,YES
551,691,7,0,3,621,536,551,536,78.71429,0.0,YES
196,252,6,0,3,224,178,196,178,32.666668,0.0,YES
204,204,1,0,1,204,204,204,204,204.0,0.0,NO
27,27,1,0,1,27,27,27,27,27.0,0.0,NO
77,81,2,0,2,79,77,77,77,38.5,0.0,NO
6367,18077,2,0,2,12222,6127,6367,6095,3183.5,0.0,YES
704,780,3,0,2,742,703,704,703,234.66667,0.0,YES
105,205,3,0,2,155,104,105,104,35.0,0.0,YES
471,795,9,0,3,633,487,471,487,52.333332,0.0,YES
216,232,4,0,2,224,216,216,216,54.0,0.0,YES
81,103,4,0,3,92,80,81,80,20.25,0.0,NO
48,52,2,0,2,50,48,48,48,24.0,0.0,NO
162,164,2,0,2,163,162,162,162,81.0,0.0,YES
92,150,3,0,3,121,81,92,81,30.666666,0.0,YES
47,55,2,0,2,51,47,47,47,23.5,0.0,NO
144,144,1,0,1,144,144,144,144,144.0,0.0,YES
165,199,4,0,3,182,138,165,138,41.25,0.0,YES
39,39,1,0,1,39,39,39,39,39.0,0.0,NO
157,263,8,0,3,210,167,157,167,19.625,0.0,YES
123,137,4,0,2,130,122,123,122,30.75,0.0,YES
427,451,3,0,2,439,426,427,426,142.33333,0.0,YES
533,579,8,0,3,556,521,533,521,66.625,0.0,NO
83,89,3,0,2,86,82,83,82,27.666666,0.0,NO
149,187,5,0,3,168,133,149,133,29.8,0.0,YES
153,157,2,0,2,155,153,153,153,76.5,0.0,NO
38,48,2,0,2,43,38,38,38,19.0,0.0,YES
64,66,2,0,2,65,64,64,64,32.0,0.0,NO
130,154,4,0,2,142,129,130,129,32.5,0.0,YES
137,401,5,0,3,269,126,137,126,27.4,0.0,YES
37,37,1,0,1,37,37,37,37,37.0,0.0,NO
58,60,2,0,2,59,58,58,58,29.0,0.0,NO
32,32,1,0,1,32,32,32,32,32.0,0.0,YES
28,28,1,0,1,28,28,28,28,28.0,0.0,NO
39,41,2,0,2,40,39,39,39,19.5,0.0,NO
103,151,6,0,2,127,101,103,101,17.166666,0.0,YES
74,74,1,0,1,74,74,74,74,74.0,0.0,NO
63,71,2,0,2,67,63,63,63,31.5,0.0,NO
137,333,4,0,2,235,137,137,137,34.25,0.0,NO
173,213,4,0,3,193,170,173,170,43.25,0.0,YES
132,146,3,0,3,139,75,132,75,44.0,0.0,NO
67,85,4,0,3,76,67,67,67,16.75,0.0,NO
148,168,3,0,2,158,147,148,147,49.333332,0.0,NO
78,86,2,0,2,82,78,78,78,39.0,0.0,NO
174,194,3,0,2,184,173,174,173,58.0,0.0,NO
377,417,4,0,2,397,377,377,377,94.25,0.0,YES
43,43,1,0,1,43,43,43,43,43.0,0.0,YES
244,436,5,0,2,340,252,244,252,48.8,0.0,NO
76,80,2,0,2,78,76,76,76,38.0,0.0,NO
35,0,0,0,0,0,0,0,0,0.0,27.0,NO
379,423,4,3,3,401,228,379,211,94.75,27.0,YES
92,4,1,0,1,2,2,0,0,0.0,27.0,NO
88,90,2,0,1,89,84,88,84,44.0,27.0,YES
63,63,1,0,1,63,63,63,63,63.0,27.0,NO
51,55,2,0,2,53,52,51,52,25.5,27.0,NO
147,0,0,0,0,0,0,0,0,0.0,27.0,NO
148,19,1,0,1,9,9,-1,0,-1.0,27.0,YES
105,0,0,0,0,0,0,0,0,0.0,27.0,YES
77,9,1,0,1,9,9,9,9,9.0,27.0,YES
694,295,10,21,3,193,48,91,43,9.1,27.0,YES
62,0,0,0,0,0,0,0,0,0.0,27.0,NO
35,2,1,3,1,1,1,0,0,0.0,27.0,NO
27,27,1,0,1,27,27,27,27,27.0,27.0,NO
190,17,1,3,1,15,15,13,13,13.0,27.0,YES
66,0,0,0,0,0,0,0,0,0.0,27.0,NO
84,0,0,0,0,0,0,0,0,0.0,27.0,NO
171,8,1,3,1,5,5,2,2,2.0,27.0,YES
88,148,2,0,1,118,113,88,113,44.0,27.0,YES
312,76,5,9,3,70,44,64,44,12.8,27.0,YES
175,42,2,6,2,12,7,-18,3,-9.0,27.0,YES
50,0,0,0,0,0,0,0,0,0.0,27.0,NO
425,431,2,3,1,428,424,425,424,212.5,27.0,YES
74,2,1,3,1,1,1,0,0,0.0,27.0,NO
62,0,0,0,0,0,0,0,0,0.0,27.0,NO
48,0,0,0,0,0,0,0,0,0.0,27.0,NO
46,0,0,0,0,0,0,0,0,0.0,27.0,NO
509,581,7,3,3,545,378,509,378,72.71429,27.0,YES
65,22,1,3,1,13,13,4,4,4.0,27.0,NO
36,7,2,6,1,7,5,7,5,3.5,27.0,YES
56,6,1,3,1,3,3,0,0,0.0,27.0,NO
31,31,1,0,1,31,31,31,31,31.0,27.0,NO
28,0,0,0,0,0,0,0,0,0.0,27.0,NO
114,28,1,3,1,14,14,0,0,0.0,27.0,NO
764,1422,20,27,3,580,106,-262,53,-13.1,27.0,YES
363,16,1,3,1,5,5,-6,0,-6.0,27.0,YES
183,0,0,0,0,0,0,0,0,0.0,27.0,NO
58,0,0,0,0,0,0,0,0,0.0,27.0,NO
800,110,4,6,2,91,73,72,62,18.0,27.0,YES
42,0,0,0,0,0,0,0,0,0.0,27.0,NO
582,270,6,9,3,152,106,34,68,5.6666665,27.0,YES
90,90,1,0,1,90,90,90,90,90.0,27.0,YES
143,5,1,3,1,5,5,5,5,5.0,27.0,NO
79,3,1,3,1,2,2,1,1,1.0,27.0,YES
132,132,1,3,1,132,132,132,132,132.0,27.0,NO
141,4,1,3,1,4,4,4,4,4.0,27.0,YES
38,0,0,0,0,0,0,0,0,0.0,27.0,NO
612,210,4,9,1,185,98,160,92,40.0,27.0,YES
90,47,1,3,1,25,25,3,3,3.0,27.0,NO
85,0,0,0,0,0,0,0,0,0.0,27.0,NO
85,4,1,3,1,4,4,4,4,4.0,27.0,YES
80,5,1,3,1,5,5,5,5,5.0,27.0,NO
103,6,1,3,1,5,5,4,4,4.0,27.0,YES
160,1,1,0,1,1,1,1,1,1.0,27.0,NO
271,297,2,0,1,284,260,271,260,135.5,27.0,NO
86,20,1,0,1,18,18,16,16,16.0,27.0,NO
507,65,4,12,2,29,15,-7,6,-1.75,27.0,YES
27,133,2,0,1,80,79,27,79,13.5,27.0,NO
111,0,0,0,0,0,0,0,0,0.0,27.0,NO
64,0,0,0,0,0,0,0,0,0.0,27.0,NO
37,37,1,0,1,37,37,37,37,37.0,27.0,NO
43,0,0,0,0,0,0,0,0,0.0,27.0,NO
664,667,2,0,1,666,665,665,665,332.5,27.0,NO
74,0,0,0,0,0,0,0,0,0.0,27.0,NO
48,48,1,0,1,48,48,48,48,48.0,27.0,NO
256,64,3,6,2,43,33,22,19,7.3333335,27.0,YES
905,299,9,18,3,221,95,143,65,15.888889,27.0,YES
45,45,1,0,1,45,45,45,45,45.0,27.0,NO
576,602,3,0,2,589,550,576,550,192.0,27.0,YES
63,0,0,0,0,0,0,0,0,0.0,27.0,YES
184,17,3,6,2,8,4,-1,1,-0.33333334,27.0,NO
113,12,2,3,2,10,10,8,9,4.0,27.0,YES
172,22,3,9,2,20,10,18,8,6.0,27.0,NO
108,4,1,3,1,4,4,4,4,4.0,27.0,NO
98,2,1,0,1,1,1,0,0,0.0,27.0,NO
49,0,0,0,0,0,0,0,0,0.0,27.0,NO
148,0,0,0,0,0,0,0,0,0.0,27.0,YES
36,4,1,3,1,2,2,0,0,0.0,27.0,NO
79,0,0,0,0,0,0,0,0,0.0,27.0,NO
172,30,2,6,1,21,11,12,10,6.0,27.0,NO
400,414,3,3,2,407,397,400,397,133.33333,27.0,YES
92,0,0,0,0,0,0,0,0,0.0,27.0,YES
46,761,8,9,2,128,92,-505,21,-63.125,27.0,YES
153,103,6,15,3,30,19,-43,2,-7.1666665,27.0,YES
209,5,1,0,1,5,5,5,5,5.0,27.0,NO
27,0,0,0,0,0,0,0,0,0.0,27.0,NO
451,617,5,0,3,534,425,451,425,90.2,27.0,NO
105,0,0,0,0,0,0,0,0,0.0,27.0,YES
276,62,3,6,2,61,30,60,30,20.0,27.0,YES
187,235,4,6,2,211,183,187,183,46.75,27.0,YES
81,0,0,0,0,0,0,0,0,0.0,27.0,YES
788,896,7,12,3,842,712,788,712,112.57143,27.0,YES
60,60,1,0,1,60,60,60,60,60.0,27.0,NO
48,0,0,0,0,0,0,0,0,0.0,27.0,NO
162,0,0,0,0,0,0,0,0,0.0,27.0,YES
150,68,2,3,2,63,58,58,53,29.0,27.0,NO
169,6,2,6,2,5,4,4,4,2.0,27.0,YES
236,236,1,0,1,236,236,236,236,236.0,27.0,YES
150,59,2,3,1,26,25,-7,0,-3.5,27.0,YES
129,8,1,3,1,7,7,6,6,6.0,27.0,NO
481,70,2,3,1,62,50,54,42,27.0,27.0,NO
529,22,4,0,1,9,5,-4,0,-1.0,27.0,YES
66,82,2,0,1,74,69,66,69,33.0,27.0,NO
72,8,1,0,1,8,8,8,8,8.0,27.0,NO
132,6,1,3,1,4,4,2,2,2.0,27.0,NO
32,2,1,3,1,1,1,0,0,0.0,27.0,NO
196,208,2,3,1,202,195,196,195,98.0,27.0,YES
74,0,0,0,0,0,0,0,0,0.0,27.0,NO
32,32,1,0,1,32,32,32,32,32.0,27.0,NO
137,0,0,0,0,0,0,0,0,0.0,27.0,NO
132,0,0,0,0,0,0,0,0,0.0,27.0,NO
84,35,1,0,1,26,26,17,17,17.0,27.0,NO
148,0,0,0,0,0,0,0,0,0.0,27.0,NO
78,0,0,0,0,0,0,0,0,0.0,27.0,YES
174,0,0,0,0,0,0,0,0,0.0,27.0,NO
1041,1073,2,3,1,1057,1029,1041,1029,520.5,27.0,YES
43,2,1,3,1,1,1,0,0,0.0,27.0,NO
368,486,2,0,2,305,294,124,123,62.0,27.0,YES
76,0,0,0,0,0,0,0,0,0.0,27.0,NO
77,77,1,0,1,77,77,77,77,77.0,27.0,YES
242,13,1,3,1,12,12,11,11,11.0,27.0,YES
55,13,1,0,1,9,9,5,5,5.0,27.0,NO
29,0,0,0,0,0,0,0,0,0.0,27.0,NO
37,0,0,0,0,0,0,0,0,0.0,27.0,NO
180,0,0,0,0,0,0,0,0,0.0,27.0,NO
98,0,0,0,0,0,0,0,0,0.0,27.0,NO
215,239,3,3,1,227,177,215,177,71.666664,27.0,NO
45,0,0,0,0,0,0,0,0,0.0,27.0,YES
158,164,3,3,1,161,157,158,157,52.666668,27.0,YES
27,27,1,0,1,27,27,27,27,27.0,27.0,NO
227,0,0,0,0,0,0,0,0,0.0,27.0,NO
98,0,0,0,0,0,0,0,0,0.0,27.0,YES
96,0,0,0,0,0,0,0,0,0.0,27.0,YES
60,0,0,0,0,0,0,0,0,0.0,27.0,YES
74,0,0,0,0,0,0,0,0,0.0,27.0,NO
84,0,0,0,0,0,0,0,0,0.0,27.0,NO
163,12,2,3,2,9,6,6,4,3.0,27.0,NO
41,0,0,0,0,0,0,0,0,0.0,27.0,NO
39,0,0,0,0,0,0,0,0,0.0,27.0,NO
53,0,0,0,0,0,0,0,0,0.0,27.0,NO
201,4,1,3,1,4,4,4,4,4.0,27.0,NO
72,0,0,0,0,0,0,0,0,0.0,27.0,NO
94,3,1,0,1,3,3,3,3,3.0,27.0,NO
22,0,0,0,0,0,0,0,0,0.0,27.0,NO
31,35,2,0,2,33,33,31,33,15.5,27.0,NO
98,0,0,0,0,0,0,0,0,0.0,27.0,NO
36,36,1,3,1,36,36,36,36,36.0,27.0,NO
906,245,3,3,1,207,165,169,131,56.333332,27.0,YES
574,14,2,3,1,11,8,8,5,4.0,27.0,YES
436,107,3,6,1,79,53,51,53,17.0,27.0,YES
191,195,2,3,1,193,190,191,190,95.5,27.0,YES
64,64,1,0,1,64,64,64,64,64.0,27.0,YES
255,209,4,9,1,130,79,51,20,12.75,27.0,YES
507,192,9,18,2,153,61,114,59,12.666667,27.0,YES
299,14,2,3,1,12,8,10,8,5.0,27.0,YES
103,0,0,0,0,0,0,0,0,0.0,27.0,NO
227,52,3,9,2,49,26,46,26,15.333333,27.0,YES
42,0,0,0,0,0,0,0,0,0.0,27.0,NO
67,3,1,0,1,3,3,3,3,3.0,27.0,NO
57,5,1,3,1,5,5,5,5,5.0,27.0,NO
58,0,0,0,0,0,0,0,0,0.0,27.0,NO
58,0,0,0,0,0,0,0,0,0.0,27.0,NO
41,0,0,0,0,0,0,0,0,0.0,27.0,NO
355,359,2,3,1,357,357,355,357,177.5,27.0,YES
69,0,0,0,0,0,0,0,0,0.0,27.0,YES
81,11,1,0,1,10,10,9,9,9.0,27.0,YES
32,2,1,3,1,1,1,0,0,0.0,27.0,NO
216,27,3,6,1,19,9,11,7,3.6666667,27.0,YES
282,11,1,3,1,11,11,11,11,11.0,27.0,NO
101,0,0,0,0,0,0,0,0,0.0,27.0,NO
54,0,0,0,0,0,0,0,0,0.0,27.0,NO
88,0,0,0,0,0,0,0,0,0.0,27.0,NO
446,19,2,6,1,18,17,17,17,8.5,27.0,NO
94,0,0,0,0,0,0,0,0,0.0,27.0,NO
342,78,1,3,1,42,42,6,6,6.0,27.0,YES
168,14,1,0,1,14,14,14,14,14.0,27.0,YES
165,81,1,0,1,59,59,37,37,37.0,27.0,NO
162,13,1,0,1,13,13,13,13,13.0,27.0,NO
31,0,0,0,0,0,0,0,0,0.0,27.0,NO
94,0,0,0,0,0,0,0,0,0.0,27.0,YES
63,9,1,0,1,9,9,9,9,9.0,27.0,NO
366,2,1,3,1,1,1,0,0,0.0,27.0,YES
682,144,4,6,1,120,38,96,37,24.0,27.0,YES
40,40,1,3,1,40,40,40,40,40.0,27.0,NO
57,0,0,0,0,0,0,0,0,0.0,27.0,NO
318,91,3,3,2,86,47,81,47,27.0,27.0,YES
71,0,0,0,0,0,0,0,0,0.0,27.0,NO
124,0,0,0,0,0,0,0,0,0.0,27.0,NO
355,334,3,9,1,253,241,172,174,57.333332,27.0,NO
136,3,1,3,1,3,3,3,3,3.0,27.0,YES
37,0,0,0,0,0,0,0,0,0.0,27.0,NO
283,42,4,9,3,36,23,30,23,7.5,27.0,YES
27,0,0,0,0,0,0,0,0,0.0,27.0,NO
85,27,1,3,1,24,24,21,21,21.0,27.0,YES
77,0,0,0,0,0,0,0,0,0.0,27.0,NO
6523,12852,1,0,1,6504,6504,156,156,156.0,27.0,YES
744,46,3,3,1,43,29,40,28,13.333333,27.0,YES
473,748,12,15,3,375,253,2,59,0.16666667,27.0,YES
47,0,0,0,0,0,0,0,0,0.0,27.0,NO
147,7,1,3,1,5,5,3,3,3.0,27.0,NO
39,0,0,0,0,0,0,0,0,0.0,27.0,NO
52,58,2,0,1,55,53,52,53,26.0,27.0,YES
92,92,1,0,1,92,92,92,92,92.0,27.0,NO
83,0,0,0,0,0,0,0,0,0.0,27.0,NO
55,55,1,0,1,55,55,55,55,55.0,27.0,NO
62,235,5,6,1,74,36,-87,30,-17.4,27.0,YES
153,0,0,0,0,0,0,0,0,0.0,27.0,NO
38,0,0,0,0,0,0,0,0,0.0,27.0,YES
51,53,2,3,1,52,51,51,51,25.5,27.0,NO
58,58,1,0,1,58,58,58,58,58.0,27.0,NO
139,22,1,3,1,12,12,2,2,2.0,27.0,NO
37,0,0,0,0,0,0,0,0,0.0,27.0,NO
58,0,0,0,0,0,0,0,0,0.0,27.0,NO
91,91,1,0,1,91,91,91,91,91.0,27.0,YES
28,0,0,0,0,0,0,0,0,0.0,27.0,NO
39,0,0,0,0,0,0,0,0,0.0,27.0,NO
127,94,5,12,2,59,37,24,14,4.8,27.0,YES
63,0,0,0,0,0,0,0,0,0.0,27.0,NO
189,18,3,9,2,17,15,16,15,5.3333335,27.0,YES
549,192,6,12,2,182,110,172,110,28.666666,27.0,YES
35,0,0,0,0,0,0,0,0,0.0,27.125,NO
388,27,2,2,2,18,11,9,6,4.5,27.125,NO
84,84,1,0,1,84,84,84,84,84.0,27.125,NO
70,70,1,0,1,70,70,70,70,70.0,27.125,NO
92,0,0,0,0,0,0,0,0,0.0,27.125,NO
89,5,1,2,1,3,3,1,1,1.0,27.125,NO
63,0,0,0,0,0,0,0,0,0.0,27.125,NO
51,0,0,0,0,0,0,0,0,0.0,27.125,NO
147,0,0,0,0,0,0,0,0,0.0,27.125,NO
179,39,3,4,2,35,20,31,18,10.333333,27.125,NO
284,284,2,0,1,284,261,284,261,142.0,27.125,NO
106,3,1,2,1,2,2,1,1,1.0,27.125,NO
47,47,1,0,1,47,47,47,47,47.0,27.125,NO
45,45,1,0,1,45,45,45,45,45.0,27.125,NO
90,23,2,2,1,18,15,13,12,6.5,27.125,NO
727,145,7,10,3,89,43,33,30,4.714286,27.125,NO
62,0,0,0,0,0,0,0,0,0.0,27.125,NO
35,0,0,0,0,0,0,0,0,0.0,27.125,NO
172,172,1,0,1,172,172,172,172,172.0,27.125,NO
94,94,1,0,1,94,94,94,94,94.0,27.125,NO
27,0,0,0,0,0,0,0,0,0.0,27.125,NO
191,9,1,2,1,5,5,1,1,1.0,27.125,NO
66,0,0,0,0,0,0,0,0,0.0,27.125,NO
82,2,1,0,1,0,0,-2,0,-2.0,27.125,NO
43,43,1,0,1,43,43,43,43,43.0,27.125,NO
189,94,3,2,2,56,42,18,38,6.0,27.125,NO
87,9,1,2,1,4,4,-1,0,-1.0,27.125,NO
467,391,9,10,3,273,154,155,102,17.222221,27.125,NO
153,120,5,2,3,49,25,-22,4,-4.4,27.125,NO
44,44,1,0,1,44,44,44,44,44.0,27.125,NO
306,318,2,0,2,312,310,306,310,153.0,27.125,NO
50,0,0,0,0,0,0,0,0,0.0,27.125,NO
437,12,1,2,1,12,12,12,12,12.0,27.125,NO
74,0,0,0,0,0,0,0,0,0.0,27.125,NO
62,0,0,0,0,0,0,0,0,0.0,27.125,NO
48,0,0,0,0,0,0,0,0,0.0,27.125,NO
46,0,0,0,0,0,0,0,0,0.0,27.125,NO
577,176,7,6,3,122,67,68,59,9.714286,27.125,NO
90,51,2,0,1,38,25,25,14,12.5,27.125,NO
109,109,3,0,1,109,64,109,64,36.333332,27.125,NO
92,72,5,2,1,64,28,56,27,11.2,27.125,NO
56,0,0,0,0,0,0,0,0,0.0,27.125,NO
74,74,1,0,1,74,74,74,74,74.0,27.125,NO
31,0,0,0,0,0,0,0,0,0.0,27.125,NO
28,0,0,0,0,0,0,0,0,0.0,27.125,NO
4088,4140,7,2,2,4114,1493,4088,1493,584.0,27.125,NO
47,47,1,0,1,47,47,47,47,47.0,27.125,NO
219,225,4,2,2,222,198,219,198,54.75,27.125,NO
377,427,3,4,1,402,363,377,363,125.666664,27.125,NO
1242,792,17,20,3,635,175,478,153,28.117647,27.125,NO
125,448,9,6,2,105,29,-238,29,-26.444445,27.125,NO
183,0,0,0,0,0,0,0,0,0.0,27.125,NO
58,0,0,0,0,0,0,0,0,0.0,27.125,NO
778,660,13,4,3,319,101,-22,83,-1.6923077,27.125,NO
42,0,0,0,0,0,0,0,0,0.0,27.125,NO
45,47,2,0,1,46,45,45,45,22.5,27.125,NO
648,176,10,10,3,121,73,66,66,6.6,27.125,NO
91,5,1,2,1,3,3,1,1,1.0,27.125,NO
143,0,0,0,0,0,0,0,0,0.0,27.125,NO
106,35,2,4,1,31,28,27,27,13.5,27.125,NO
62,64,2,2,1,63,32,62,32,31.0,27.125,NO
142,9,2,2,1,5,3,1,2,0.5,27.125,NO
111,111,1,0,1,111,111,111,111,111.0,27.125,NO
129,1177,3,2,1,653,622,129,622,43.0,27.125,NO
24,24,1,0,1,24,24,24,24,24.0,27.125,NO
422,612,4,2,1,517,298,422,298,105.5,27.125,NO
131,131,1,0,1,131,131,131,131,131.0,27.125,NO
38,0,0,0,0,0,0,0,0,0.0,27.125,NO
798,440,10,6,2,313,94,186,74,18.6,27.125,NO
109,53,2,0,1,36,30,19,15,9.5,27.125,NO
85,0,0,0,0,0,0,0,0,0.0,27.125,NO
160,160,1,0,1,160,160,160,160,160.0,27.125,NO
154,154,1,0,1,154,154,154,154,154.0,27.125,NO
90,5,1,2,1,5,5,5,5,5.0,27.125,NO
80,0,0,0,0,0,0,0,0,0.0,27.125,NO
357,575,8,0,1,466,289,357,289,44.625,27.125,NO
155,25,2,0,2,10,7,-5,1,-2.5,27.125,NO
271,0,0,0,0,0,0,0,0,0.0,27.125,NO
86,0,0,0,0,0,0,0,0,0.0,27.125,NO
466,297,5,2,3,128,102,-41,4,-8.2,27.125,NO
134,188,4,0,1,161,82,134,82,33.5,27.125,NO
27,0,0,0,0,0,0,0,0,0.0,27.125,NO
111,0,0,0,0,0,0,0,0,0.0,27.125,NO
159,221,3,0,1,190,118,159,118,53.0,27.125,NO
64,0,0,0,0,0,0,0,0,0.0,27.125,NO
37,0,0,0,0,0,0,0,0,0.0,27.125,NO
162,162,1,0,1,162,162,162,162,162.0,27.125,NO
43,0,0,0,0,0,0,0,0,0.0,27.125,NO
664,0,0,0,0,0,0,0,0,0.0,27.125,NO
74,0,0,0,0,0,0,0,0,0.0,27.125,NO
48,0,0,0,0,0,0,0,0,0.0,27.125,NO
260,22,3,2,3,13,9,4,5,1.3333334,27.125,NO
978,603,12,18,3,338,164,73,91,6.0833335,27.125,NO
45,0,0,0,0,0,0,0,0,0.0,27.125,NO
582,54,6,8,3,30,10,6,7,1.0,27.125,NO
358,370,4,4,1,364,308,358,308,89.5,27.125,NO
136,148,3,2,2,142,139,136,139,45.333332,27.125,NO
89,30,2,2,1,28,26,26,25,13.0,27.125,NO
191,7,1,0,1,7,7,7,7,7.0,27.125,NO
96,104,2,2,1,100,96,96,96,48.0,27.125,NO
106,108,1,0,1,108,108,108,108,108.0,27.125,NO
236,131,5,2,2,127,54,123,54,24.6,27.125,NO
565,689,13,0,3,627,394,565,394,43.46154,27.125,NO
176,4,1,0,1,4,4,4,4,4.0,27.125,NO
77,77,1,0,1,77,77,77,77,77.0,27.125,NO
47,47,1,0,1,47,47,47,47,47.0,27.125,NO
123,21,2,0,1,18,15,15,15,7.5,27.125,NO
69,75,2,2,1,72,65,69,65,34.5,27.125,NO
34,34,1,2,1,34,34,34,34,34.0,27.125,NO
250,320,4,0,2,236,145,152,109,38.0,27.125,NO
93,103,4,0,2,98,72,93,72,23.25,27.125,NO
108,108,2,2,1,108,101,108,101,54.0,27.125,NO
49,0,0,0,0,0,0,0,0,0.0,27.125,NO
213,269,4,2,1,241,163,213,163,53.25,27.125,NO
150,6,1,2,1,4,4,2,2,2.0,27.125,NO
34,34,1,0,1,34,34,34,34,34.0,27.125,NO
36,0,0,0,0,0,0,0,0,0.0,27.125,NO
117,38,1,0,1,38,38,38,38,38.0,27.125,NO
177,9,2,0,1,7,5,5,4,2.5,27.125,NO
549,515,6,4,2,332,223,149,117,24.833334,27.125,NO
70,70,1,0,1,70,70,70,70,70.0,27.125,NO
89,89,1,0,1,89,89,89,89,89.0,27.125,NO
503,651,4,0,1,577,234,503,234,125.75,27.125,NO
93,3,1,2,1,2,2,1,1,1.0,27.125,NO
50,4,1,2,1,4,4,4,4,4.0,27.125,NO
153,4,2,2,2,2,1,0,0,0.0,27.125,NO
244,121,5,0,3,78,53,35,35,7.0,27.125,NO
27,0,0,0,0,0,0,0,0,0.0,27.125,NO
458,21,1,0,1,14,14,7,7,7.0,27.125,NO
50,50,1,0,1,50,50,50,50,50.0,27.125,NO
106,7,1,2,1,4,4,1,1,1.0,27.125,NO
94,94,1,2,1,94,94,94,94,94.0,27.125,NO
26,26,1,0,1,26,26,26,26,26.0,27.125,NO
314,110,4,2,1,74,36,38,36,9.5,27.125,NO
156,156,1,0,1,156,156,156,156,156.0,27.125,NO
188,81,8,4,2,41,13,1,10,0.125,27.125,NO
79,28,3,2,2,13,6,-2,1,-0.6666667,27.125,NO
928,274,9,8,2,207,93,140,72,15.555555,27.125,NO
60,0,0,0,0,0,0,0,0,0.0,27.125,NO
48,0,0,0,0,0,0,0,0,0.0,27.125,NO
254,118,6,4,2,105,42,92,42,15.333333,27.125,NO
154,6,1,0,1,5,5,4,4,4.0,27.125,NO
147,189,5,2,2,168,112,147,112,29.4,27.125,NO
182,107,5,8,3,60,42,13,34,2.6,27.125,NO
248,14,1,2,1,13,13,12,12,12.0,27.125,NO
137,45,4,2,2,16,9,-13,3,-3.25,27.125,NO
371,371,1,0,1,371,371,371,371,371.0,27.125,NO
489,14,3,0,2,11,5,8,5,2.6666667,27.125,NO
558,37,2,2,2,33,31,29,31,14.5,27.125,NO
66,0,0,0,0,0,0,0,0,0.0,27.125,NO
168,174,2,2,2,171,166,168,166,84.0,27.125,NO
72,0,0,0,0,0,0,0,0,0.0,27.125,NO
27,27,1,0,1,27,27,27,27,27.0,27.125,NO
132,0,0,0,0,0,0,0,0,0.0,27.125,NO
928,962,5,2,3,945,684,928,684,185.6,27.125,NO
260,138,3,2,2,101,88,64,61,21.333334,27.125,NO
74,0,0,0,0,0,0,0,0,0.0,27.125,NO
32,0,0,0,0,0,0,0,0,0.0,27.125,NO
137,0,0,0,0,0,0,0,0,0.0,27.125,NO
132,2,1,0,1,1,1,0,0,0.0,27.125,NO
74,88,3,0,2,81,63,74,63,24.666666,27.125,NO
84,0,0,0,0,0,0,0,0,0.0,27.125,NO
148,0,0,0,0,0,0,0,0,0.0,27.125,NO
125,81,5,4,2,64,20,47,16,9.4,27.125,NO
105,105,1,0,1,105,105,105,105,105.0,27.125,NO
273,297,4,0,1,285,274,273,274,68.25,27.125,NO
174,0,0,0,0,0,0,0,0,0.0,27.125,NO
1033,306,7,6,2,149,83,-8,26,-1.1428572,27.125,NO
68,27,3,0,2,26,18,25,18,8.333333,27.125,NO
357,41,1,2,1,15,15,-11,0,-11.0,27.125,NO
76,0,0,0,0,0,0,0,0,0.0,27.125,NO
83,8,1,2,1,7,7,6,6,6.0,27.125,NO
51,51,1,0,1,51,51,51,51,51.0,27.125,NO
151,329,6,6,2,119,45,-91,40,-15.166667,27.125,NO
55,0,0,0,0,0,0,0,0,0.0,27.125,NO
25,25,1,0,1,25,25,25,25,25.0,27.125,NO
29,0,0,0,0,0,0,0,0,0.0,27.125,NO
37,0,0,0,0,0,0,0,0,0.0,27.125,NO
180,0,0,0,0,0,0,0,0,0.0,27.125,NO
98,0,0,0,0,0,0,0,0,0.0,27.125,NO
215,0,0,0,0,0,0,0,0,0.0,27.125,NO
38,11,1,2,1,2,2,-7,0,-7.0,27.125,NO
92,92,1,0,1,92,92,92,92,92.0,27.125,NO
158,4,1,2,1,2,2,0,0,0.0,27.125,NO
27,0,0,0,0,0,0,0,0,0.0,27.125,NO
140,42,2,4,2,42,33,42,33,21.0,27.125,NO
117,129,3,2,2,75,41,21,27,7.0,27.125,NO
74,26,1,2,1,20,20,14,14,14.0,27.125,NO
74,0,0,0,0,0,0,0,0,0.0,27.125,NO
273,313,6,4,2,293,267,273,267,45.5,27.125,NO
214,214,1,0,1,214,214,214,214,214.0,27.125,NO
85,51,2,0,2,26,17,1,2,0.5,27.125,NO
108,108,1,0,1,108,108,108,108,108.0,27.125,NO
130,132,2,0,1,131,130,130,130,65.0,27.125,NO
163,0,0,0,0,0,0,0,0,0.0,27.125,NO
49,49,1,0,1,49,49,49,49,49.0,27.125,NO
123,123,1,0,1,123,123,123,123,123.0,27.125,NO
92,102,4,0,2,97,72,92,72,23.0,27.125,NO
100,59,1,0,1,59,59,59,59,59.0,27.125,NO
42,42,2,2,2,42,25,42,25,21.0,27.125,NO
39,0,0,0,0,0,0,0,0,0.0,27.125,NO
53,0,0,0,0,0,0,0,0,0.0,27.125,NO
204,5,1,0,1,4,4,3,3,3.0,27.125,NO
72,0,0,0,0,0,0,0,0,0.0,27.125,NO
99,5,1,0,1,5,5,5,5,5.0,27.125,NO
34,34,1,2,1,34,34,34,34,34.0,27.125,NO
22,0,0,0,0,0,0,0,0,0.0,27.125,NO
31,0,0,0,0,0,0,0,0,0.0,27.125,NO
98,0,0,0,0,0,0,0,0,0.0,27.125,NO
36,0,0,0,0,0,0,0,0,0.0,27.125,NO
1262,1034,11,12,3,695,330,356,199,32.363636,27.125,NO
885,641,14,12,3,476,125,311,118,22.214285,27.125,NO
525,165,9,6,3,127,40,89,28,9.888889,27.125,NO
277,1271,5,4,1,774,538,277,538,55.4,27.125,NO
601,903,2,0,2,752,691,601,691,300.5,27.125,NO
202,11,1,2,1,11,11,11,11,11.0,27.125,NO
64,4,2,4,1,2,1,0,0,0.0,27.125,NO
361,112,3,2,1,109,63,106,62,35.333332,27.125,NO
624,165,10,10,3,141,49,117,46,11.7,27.125,NO
584,347,12,8,3,316,140,285,121,23.75,27.125,NO
103,0,0,0,0,0,0,0,0,0.0,27.125,NO
275,76,2,4,1,62,41,48,34,24.0,27.125,NO
42,0,0,0,0,0,0,0,0,0.0,27.125,NO
79,79,1,0,1,79,79,79,79,79.0,27.125,NO
67,0,0,0,0,0,0,0,0,0.0,27.125,NO
353,355,2,2,1,354,353,353,353,176.5,27.125,NO
57,0,0,0,0,0,0,0,0,0.0,27.125,NO
56,22,1,0,1,10,10,-2,0,-2.0,27.125,NO
214,252,3,0,2,233,153,214,153,71.333336,27.125,NO
44,44,1,0,1,44,44,44,44,44.0,27.125,NO
319,319,3,2,1,319,298,319,298,106.333336,27.125,NO
41,0,0,0,0,0,0,0,0,0.0,27.125,NO
70,72,2,0,1,71,70,70,70,35.0,27.125,NO
331,70,2,2,1,23,18,-24,0,-12.0,27.125,NO
129,68,2,2,2,64,60,60,58,30.0,27.125,NO
107,40,2,2,2,33,29,26,24,13.0,27.125,NO
32,0,0,0,0,0,0,0,0,0.0,27.125,NO
314,146,3,2,2,122,111,98,99,32.666668,27.125,NO
326,44,4,0,1,44,11,44,11,11.0,27.125,NO
101,0,0,0,0,0,0,0,0,0.0,27.125,NO
325,505,6,0,2,415,269,325,269,54.166668,27.125,NO
54,0,0,0,0,0,0,0,0,0.0,27.125,NO
56,56,1,0,1,56,56,56,56,56.0,27.125,NO
94,20,2,0,1,13,11,6,8,3.0,27.125,NO
337,337,1,0,1,337,337,337,337,337.0,27.125,NO
72,72,1,0,1,72,72,72,72,72.0,27.125,NO
340,260,1,0,1,77,77,-106,0,-106.0,27.125,NO
166,166,2,2,1,166,149,166,149,83.0,27.125,NO
841,945,7,4,1,893,559,841,559,120.14286,27.125,NO
866,866,1,0,1,866,866,866,866,866.0,27.125,NO
101,31,2,0,2,19,18,7,9,3.5,27.125,NO
183,485,7,4,2,163,97,-159,20,-22.714285,27.125,NO
223,325,8,4,2,190,68,55,50,6.875,27.125,NO
165,0,0,0,0,0,0,0,0,0.0,27.125,NO
183,183,2,2,1,183,139,183,139,91.5,27.125,NO
140,140,1,0,1,140,140,140,140,140.0,27.125,NO
171,15,2,0,1,12,9,9,9,4.5,27.125,NO
243,215,4,2,2,182,90,149,88,37.25,27.125,NO
63,0,0,0,0,0,0,0,0,0.0,27.125,NO
421,807,9,6,2,273,73,-261,46,-29.0,27.125,NO
50,50,1,0,1,50,50,50,50,50.0,27.125,NO
40,0,0,0,0,0,0,0,0,0.0,27.125,NO
84,84,1,0,1,84,84,84,84,84.0,27.125,NO
57,0,0,0,0,0,0,0,0,0.0,27.125,NO
380,64,3,2,2,63,35,62,34,20.666666,27.125,NO
71,36,2,0,2,18,11,0,3,0.0,27.125,NO
132,10,1,0,1,9,9,8,8,8.0,27.125,NO
33,33,1,0,1,33,33,33,33,33.0,27.125,NO
355,44,2,0,1,22,20,0,0,0.0,27.125,NO
383,385,2,2,1,384,378,383,378,191.5,27.125,NO
100,108,2,2,1,104,100,100,100,50.0,27.125,NO
138,6,1,2,1,4,4,2,2,2.0,27.125,NO
54,17,1,0,1,17,17,17,17,17.0,27.125,NO
301,388,7,2,3,203,129,18,123,2.5714285,27.125,NO
49,49,2,0,1,49,46,49,46,24.5,27.125,NO
27,0,0,0,0,0,0,0,0,0.0,27.125,NO
200,143,6,4,2,129,81,115,77,19.166666,27.125,NO
77,0,0,0,0,0,0,0,0,0.0,27.125,NO
16883,14906,14,8,2,12633,4082,10360,2691,740.0,27.125,NO
58,60,2,0,1,59,58,58,58,29.0,27.125,NO
846,494,7,8,2,298,128,102,73,14.571428,27.125,NO
551,168,6,6,3,123,62,78,43,13.0,27.125,NO
152,152,2,0,1,152,129,152,129,76.0,27.125,NO
72,90,2,0,1,81,72,72,72,36.0,27.125,NO
268,272,3,4,2,270,240,268,240,89.333336,27.125,NO
47,0,0,0,0,0,0,0,0,0.0,27.125,NO
192,225,2,0,2,135,96,45,90,22.5,27.125,NO
75,52,2,0,1,44,38,36,35,18.0,27.125,NO
52,2,1,2,1,1,1,0,0,0.0,27.125,NO
101,13,1,0,1,11,11,9,9,9.0,27.125,NO
83,0,0,0,0,0,0,0,0,0.0,27.125,NO
88,33,1,0,1,33,33,33,33,33.0,27.125,NO
62,4,1,2,1,2,2,0,0,0.0,27.125,NO
153,0,0,0,0,0,0,0,0,0.0,27.125,NO
48,20,1,2,1,15,15,10,10,10.0,27.125,NO
47,14,1,0,1,5,5,-4,0,-4.0,27.125,NO
58,0,0,0,0,0,0,0,0,0.0,27.125,NO
139,0,0,0,0,0,0,0,0,0.0,27.125,NO
37,0,0,0,0,0,0,0,0,0.0,27.125,NO
59,7,1,0,1,4,4,1,1,1.0,27.125,NO
109,20,1,2,1,19,19,18,18,18.0,27.125,NO
104,104,1,0,1,104,104,104,104,104.0,27.125,NO
28,0,0,0,0,0,0,0,0,0.0,27.125,NO
77,77,1,0,1,77,77,77,77,77.0,27.125,NO
39,0,0,0,0,0,0,0,0,0.0,27.125,NO
624,624,2,0,1,624,621,624,621,312.0,27.125,NO
126,19,3,4,2,9,4,-1,0,-0.33333334,27.125,NO
63,0,0,0,0,0,0,0,0,0.0,27.125,NO
358,707,12,14,3,438,139,169,122,14.083333,27.125,NO
54,54,1,0,1,54,54,54,54,54.0,27.125,NO
694,161,6,2,3,153,50,145,50,24.166666,27.125,NO
115,115,1,0,1,115,115,115,115,115.0,35.0,NO
329,329,1,0,1,329,329,329,329,329.0,35.0,NO
35,0,0,0,0,0,0,0,0,0.0,35.0,NO
390,4,1,0,1,3,3,2,2,2.0,35.0,NO
84,0,0,0,0,0,0,0,0,0.0,35.0,NO
70,0,0,0,0,0,0,0,0,0.0,35.0,NO
92,0,0,0,0,0,0,0,0,0.0,35.0,NO
89,0,0,0,0,0,0,0,0,0.0,35.0,NO
63,0,0,0,0,0,0,0,0,0.0,35.0,NO
51,0,0,0,0,0,0,0,0,0.0,35.0,NO
147,0,0,0,0,0,0,0,0,0.0,35.0,NO
179,0,0,0,0,0,0,0,0,0.0,35.0,NO
282,4,1,1,1,1,1,-2,0,-2.0,35.0,NO
295,295,1,0,1,295,295,295,295,295.0,35.0,NO
106,0,0,0,0,0,0,0,0,0.0,35.0,NO
47,0,0,0,0,0,0,0,0,0.0,35.0,NO
45,0,0,0,0,0,0,0,0,0.0,35.0,NO
90,0,0,0,0,0,0,0,0,0.0,35.0,NO
691,196,3,1,2,80,79,-36,0,-12.0,35.0,NO
62,0,0,0,0,0,0,0,0,0.0,35.0,NO
35,0,0,0,0,0,0,0,0,0.0,35.0,NO
172,0,0,0,0,0,0,0,0,0.0,35.0,NO
94,0,0,0,0,0,0,0,0,0.0,35.0,NO
27,0,0,0,0,0,0,0,0,0.0,35.0,NO
191,0,0,0,0,0,0,0,0,0.0,35.0,NO
66,0,0,0,0,0,0,0,0,0.0,35.0,NO
82,0,0,0,0,0,0,0,0,0.0,35.0,NO
43,0,0,0,0,0,0,0,0,0.0,35.0,NO
189,0,0,0,0,0,0,0,0,0.0,35.0,NO
101,101,1,0,1,101,101,101,101,101.0,35.0,NO
87,0,0,0,0,0,0,0,0,0.0,35.0,NO
495,62,2,1,2,45,40,28,26,14.0,35.0,NO
153,0,0,0,0,0,0,0,0,0.0,35.0,NO
44,0,0,0,0,0,0,0,0,0.0,35.0,NO
308,8,1,0,1,5,5,2,2,2.0,35.0,NO
50,0,0,0,0,0,0,0,0,0.0,35.0,NO
437,0,0,0,0,0,0,0,0,0.0,35.0,NO
74,0,0,0,0,0,0,0,0,0.0,35.0,NO
62,0,0,0,0,0,0,0,0,0.0,35.0,NO
65,65,1,0,1,65,65,65,65,65.0,35.0,NO
48,0,0,0,0,0,0,0,0,0.0,35.0,NO
46,0,0,0,0,0,0,0,0,0.0,35.0,NO
577,0,0,0,0,0,0,0,0,0.0,35.0,NO
90,0,0,0,0,0,0,0,0,0.0,35.0,NO
109,0,0,0,0,0,0,0,0,0.0,35.0,NO
92,0,0,0,0,0,0,0,0,0.0,35.0,NO
226,228,2,0,2,227,226,226,226,113.0,35.0,NO
56,0,0,0,0,0,0,0,0,0.0,35.0,NO
74,0,0,0,0,0,0,0,0,0.0,35.0,NO
31,0,0,0,0,0,0,0,0,0.0,35.0,NO
28,0,0,0,0,0,0,0,0,0.0,35.0,NO
4088,0,0,0,0,0,0,0,0,0.0,35.0,NO
47,0,0,0,0,0,0,0,0,0.0,35.0,NO
221,2,1,0,1,2,2,2,2,2.0,35.0,NO
377,0,0,0,0,0,0,0,0,0.0,35.0,NO
1248,12,2,1,2,9,8,6,5,3.0,35.0,NO
125,0,0,0,0,0,0,0,0,0.0,35.0,NO
183,0,0,0,0,0,0,0,0,0.0,35.0,NO
58,0,0,0,0,0,0,0,0,0.0,35.0,NO
792,20,2,0,1,17,12,14,12,7.0,35.0,NO
42,0,0,0,0,0,0,0,0,0.0,35.0,NO
45,0,0,0,0,0,0,0,0,0.0,35.0,NO
648,0,0,0,0,0,0,0,0,0.0,35.0,NO
84,11,2,1,2,2,2,-7,0,-3.5,35.0,NO
143,0,0,0,0,0,0,0,0,0.0,35.0,NO
106,0,0,0,0,0,0,0,0,0.0,35.0,NO
62,0,0,0,0,0,0,0,0,0.0,35.0,NO
148,10,1,1,1,8,8,6,6,6.0,35.0,NO
111,0,0,0,0,0,0,0,0,0.0,35.0,NO
129,0,0,0,0,0,0,0,0,0.0,35.0,NO
24,0,0,0,0,0,0,0,0,0.0,35.0,NO
422,0,0,0,0,0,0,0,0,0.0,35.0,NO
131,0,0,0,0,0,0,0,0,0.0,35.0,NO
189,193,2,0,2,191,189,189,189,94.5,35.0,NO
38,0,0,0,0,0,0,0,0,0.0,35.0,NO
69,69,1,0,1,69,69,69,69,69.0,35.0,NO
804,10,1,0,1,8,8,6,6,6.0,35.0,NO
109,0,0,0,0,0,0,0,0,0.0,35.0,NO
85,0,0,0,0,0,0,0,0,0.0,35.0,NO
160,0,0,0,0,0,0,0,0,0.0,35.0,NO
156,4,1,0,1,3,3,2,2,2.0,35.0,NO
90,0,0,0,0,0,0,0,0,0.0,35.0,NO
88,8,1,0,1,8,8,8,8,8.0,35.0,NO
359,2,1,1,1,2,2,2,2,2.0,35.0,NO
155,6,1,1,1,3,3,0,0,0.0,35.0,NO
273,6,1,0,1,4,4,2,2,2.0,35.0,NO
86,0,0,0,0,0,0,0,0,0.0,35.0,NO
466,2,1,1,1,1,1,0,0,0.0,35.0,NO
134,0,0,0,0,0,0,0,0,0.0,35.0,NO
27,0,0,0,0,0,0,0,0,0.0,35.0,NO
111,0,0,0,0,0,0,0,0,0.0,35.0,NO
39,39,1,0,1,39,39,39,39,39.0,35.0,NO
159,0,0,0,0,0,0,0,0,0.0,35.0,NO
64,0,0,0,0,0,0,0,0,0.0,35.0,NO
37,0,0,0,0,0,0,0,0,0.0,35.0,NO
162,0,0,0,0,0,0,0,0,0.0,35.0,NO
76,76,1,0,1,76,76,76,76,76.0,35.0,NO
43,0,0,0,0,0,0,0,0,0.0,35.0,NO
666,16,1,0,1,9,9,2,2,2.0,35.0,NO
74,0,0,0,0,0,0,0,0,0.0,35.0,NO
48,0,0,0,0,0,0,0,0,0.0,35.0,NO
262,6,1,0,1,4,4,2,2,2.0,35.0,NO
979,9,1,0,1,5,5,1,1,1.0,35.0,NO
45,0,0,0,0,0,0,0,0,0.0,35.0,NO
582,0,0,0,0,0,0,0,0,0.0,35.0,NO
358,0,0,0,0,0,0,0,0,0.0,35.0,NO
136,0,0,0,0,0,0,0,0,0.0,35.0,NO
89,0,0,0,0,0,0,0,0,0.0,35.0,NO
191,0,0,0,0,0,0,0,0,0.0,35.0,NO
96,0,0,0,0,0,0,0,0,0.0,35.0,NO
106,0,0,0,0,0,0,0,0,0.0,35.0,NO
236,0,0,0,0,0,0,0,0,0.0,35.0,NO
565,2,1,0,1,1,1,0,0,0.0,35.0,NO
346,204,2,0,2,187,158,170,158,85.0,35.0,NO
77,0,0,0,0,0,0,0,0,0.0,35.0,NO
47,0,0,0,0,0,0,0,0,0.0,35.0,NO
123,0,0,0,0,0,0,0,0,0.0,35.0,NO
69,0,0,0,0,0,0,0,0,0.0,35.0,NO
34,0,0,0,0,0,0,0,0,0.0,35.0,NO
252,10,1,1,1,6,6,2,2,2.0,35.0,NO
25,25,1,0,1,25,25,25,25,25.0,35.0,NO
73,73,1,0,1,73,73,73,73,73.0,35.0,NO
93,0,0,0,0,0,0,0,0,0.0,35.0,NO
624,628,2,1,2,626,621,624,621,312.0,35.0,NO
108,0,0,0,0,0,0,0,0,0.0,35.0,NO
323,323,1,0,1,323,323,323,323,323.0,35.0,NO
49,0,0,0,0,0,0,0,0,0.0,35.0,NO
213,0,0,0,0,0,0,0,0,0.0,35.0,NO
101,49,1,1,1,0,0,-49,0,-49.0,35.0,NO
34,0,0,0,0,0,0,0,0,0.0,35.0,NO
36,0,0,0,0,0,0,0,0,0.0,35.0,NO
117,2,1,1,1,1,1,0,0,0.0,35.0,NO
177,0,0,0,0,0,0,0,0,0.0,35.0,NO
550,5,1,0,1,3,3,1,1,1.0,35.0,NO
70,0,0,0,0,0,0,0,0,0.0,35.0,NO
89,0,0,0,0,0,0,0,0,0.0,35.0,NO
510,9,2,2,1,8,6,7,5,3.5,35.0,NO
94,3,1,0,1,2,2,1,1,1.0,35.0,NO
50,0,0,0,0,0,0,0,0,0.0,35.0,NO
167,58,1,1,1,36,36,14,14,14.0,35.0,NO
244,0,0,0,0,0,0,0,0,0.0,35.0,NO
27,0,0,0,0,0,0,0,0,0.0,35.0,NO
460,8,1,0,1,5,5,2,2,2.0,35.0,NO
47,57,2,0,2,52,40,47,40,23.5,35.0,NO
50,0,0,0,0,0,0,0,0,0.0,35.0,NO
512,512,1,0,1,512,512,512,512,512.0,35.0,NO
106,0,0,0,0,0,0,0,0,0.0,35.0,NO
97,3,1,0,1,3,3,3,3,3.0,35.0,NO
26,0,0,0,0,0,0,0,0,0.0,35.0,NO
315,7,2,1,2,4,3,1,1,0.5,35.0,NO
156,0,0,0,0,0,0,0,0,0.0,35.0,NO
188,2,1,1,1,1,1,0,0,0.0,35.0,NO
79,0,0,0,0,0,0,0,0,0.0,35.0,NO
923,35,3,1,2,15,11,-5,7,-1.6666666,35.0,NO
60,0,0,0,0,0,0,0,0,0.0,35.0,NO
48,0,0,0,0,0,0,0,0,0.0,35.0,NO
254,0,0,0,0,0,0,0,0,0.0,35.0,NO
157,5,1,0,1,4,4,3,3,3.0,35.0,NO
147,0,0,0,0,0,0,0,0,0.0,35.0,NO
182,0,0,0,0,0,0,0,0,0.0,35.0,NO
248,0,0,0,0,0,0,0,0,0.0,35.0,NO
137,0,0,0,0,0,0,0,0,0.0,35.0,NO
371,0,0,0,0,0,0,0,0,0.0,35.0,NO
491,4,1,0,1,3,3,2,2,2.0,35.0,NO
180,180,1,0,1,180,180,180,180,180.0,35.0,NO
66,0,0,0,0,0,0,0,0,0.0,35.0,NO
168,0,0,0,0,0,0,0,0,0.0,35.0,NO
72,0,0,0,0,0,0,0,0,0.0,35.0,NO
27,0,0,0,0,0,0,0,0,0.0,35.0,NO
304,308,2,0,2,306,303,304,303,152.0,35.0,NO
132,0,0,0,0,0,0,0,0,0.0,35.0,NO
64,64,1,0,1,64,64,64,64,64.0,35.0,NO
981,55,1,0,1,54,54,53,53,53.0,35.0,NO
262,14,1,0,1,8,8,2,2,2.0,35.0,NO
74,0,0,0,0,0,0,0,0,0.0,35.0,NO
32,0,0,0,0,0,0,0,0,0.0,35.0,NO
138,9,1,0,1,5,5,1,1,1.0,35.0,NO
132,0,0,0,0,0,0,0,0,0.0,35.0,NO
74,0,0,0,0,0,0,0,0,0.0,35.0,NO
86,4,1,0,1,3,3,2,2,2.0,35.0,NO
148,0,0,0,0,0,0,0,0,0.0,35.0,NO
752,752,1,0,1,752,752,752,752,752.0,35.0,NO
125,0,0,0,0,0,0,0,0,0.0,35.0,NO
105,0,0,0,0,0,0,0,0,0.0,35.0,NO
273,0,0,0,0,0,0,0,0,0.0,35.0,NO
174,0,0,0,0,0,0,0,0,0.0,35.0,NO
1038,11,2,1,2,8,6,5,4,2.5,35.0,NO
68,0,0,0,0,0,0,0,0,0.0,35.0,NO
358,3,1,0,1,2,2,1,1,1.0,35.0,NO
76,0,0,0,0,0,0,0,0,0.0,35.0,NO
83,0,0,0,0,0,0,0,0,0.0,35.0,NO
51,0,0,0,0,0,0,0,0,0.0,35.0,NO
151,0,0,0,0,0,0,0,0,0.0,35.0,NO
657,657,1,0,1,657,657,657,657,657.0,35.0,NO
187,187,1,0,1,187,187,187,187,187.0,35.0,NO
55,0,0,0,0,0,0,0,0,0.0,35.0,NO
25,0,0,0,0,0,0,0,0,0.0,35.0,NO
29,0,0,0,0,0,0,0,0,0.0,35.0,NO
37,0,0,0,0,0,0,0,0,0.0,35.0,NO
180,0,0,0,0,0,0,0,0,0.0,35.0,NO
98,0,0,0,0,0,0,0,0,0.0,35.0,NO
215,0,0,0,0,0,0,0,0,0.0,35.0,NO
38,0,0,0,0,0,0,0,0,0.0,35.0,NO
104,104,1,0,1,104,104,104,104,104.0,35.0,NO
135,135,1,0,1,135,135,135,135,135.0,35.0,NO
92,0,0,0,0,0,0,0,0,0.0,35.0,NO
160,4,1,0,1,3,3,2,2,2.0,35.0,NO
27,0,0,0,0,0,0,0,0,0.0,35.0,NO
117,117,1,0,1,117,117,117,117,117.0,35.0,NO
140,0,0,0,0,0,0,0,0,0.0,35.0,NO
168,168,1,0,1,168,168,168,168,168.0,35.0,NO
117,0,0,0,0,0,0,0,0,0.0,35.0,NO
74,0,0,0,0,0,0,0,0,0.0,35.0,NO
74,0,0,0,0,0,0,0,0,0.0,35.0,NO
273,0,0,0,0,0,0,0,0,0.0,35.0,NO
214,0,0,0,0,0,0,0,0,0.0,35.0,NO
85,0,0,0,0,0,0,0,0,0.0,35.0,NO
108,0,0,0,0,0,0,0,0,0.0,35.0,NO
130,0,0,0,0,0,0,0,0,0.0,35.0,NO
163,0,0,0,0,0,0,0,0,0.0,35.0,NO
872,872,1,0,1,872,872,872,872,872.0,35.0,NO
49,0,0,0,0,0,0,0,0,0.0,35.0,NO
123,0,0,0,0,0,0,0,0,0.0,35.0,NO
92,0,0,0,0,0,0,0,0,0.0,35.0,NO
100,0,0,0,0,0,0,0,0,0.0,35.0,NO
42,0,0,0,0,0,0,0,0,0.0,35.0,NO
39,0,0,0,0,0,0,0,0,0.0,35.0,NO
53,0,0,0,0,0,0,0,0,0.0,35.0,NO
266,112,1,0,1,87,87,62,62,62.0,35.0,NO
72,0,0,0,0,0,0,0,0,0.0,35.0,NO
99,0,0,0,0,0,0,0,0,0.0,35.0,NO
34,0,0,0,0,0,0,0,0,0.0,35.0,NO
22,0,0,0,0,0,0,0,0,0.0,35.0,NO
31,0,0,0,0,0,0,0,0,0.0,35.0,NO
98,0,0,0,0,0,0,0,0,0.0,35.0,NO
36,0,0,0,0,0,0,0,0,0.0,35.0,NO
1263,3,1,0,1,2,2,1,1,1.0,35.0,NO
956,351,3,1,1,211,199,71,63,23.666666,35.0,NO
525,2,1,0,1,1,1,0,0,0.0,35.0,NO
277,0,0,0,0,0,0,0,0,0.0,35.0,NO
601,0,0,0,0,0,0,0,0,0.0,35.0,NO
202,0,0,0,0,0,0,0,0,0.0,35.0,NO
64,0,0,0,0,0,0,0,0,0.0,35.0,NO
369,10,2,1,2,9,6,8,6,4.0,35.0,NO
356,298,2,0,2,15,10,-268,5,-134.0,35.0,NO
421,421,1,0,1,421,421,421,421,421.0,35.0,NO
628,46,3,1,2,45,33,44,33,14.666667,35.0,NO
103,0,0,0,0,0,0,0,0,0.0,35.0,NO
277,4,1,0,1,3,3,2,2,2.0,35.0,NO
42,0,0,0,0,0,0,0,0,0.0,35.0,NO
79,0,0,0,0,0,0,0,0,0.0,35.0,NO
67,0,0,0,0,0,0,0,0,0.0,35.0,NO
354,3,1,0,1,2,2,1,1,1.0,35.0,NO
58,3,1,0,1,2,2,1,1,1.0,35.0,NO
56,0,0,0,0,0,0,0,0,0.0,35.0,NO
214,0,0,0,0,0,0,0,0,0.0,35.0,NO
44,0,0,0,0,0,0,0,0,0.0,35.0,NO
1126,1126,1,0,1,1126,1126,1126,1126,1126.0,35.0,NO
319,0,0,0,0,0,0,0,0,0.0,35.0,NO
41,0,0,0,0,0,0,0,0,0.0,35.0,NO
163,163,1,0,1,163,163,163,163,163.0,35.0,NO
70,0,0,0,0,0,0,0,0,0.0,35.0,NO
332,3,1,0,1,2,2,1,1,1.0,35.0,NO
129,0,0,0,0,0,0,0,0,0.0,35.0,NO
56,56,1,0,1,56,56,56,56,56.0,35.0,NO
107,0,0,0,0,0,0,0,0,0.0,35.0,NO
32,0,0,0,0,0,0,0,0,0.0,35.0,NO
319,7,2,1,2,6,5,5,5,2.5,35.0,NO
326,0,0,0,0,0,0,0,0,0.0,35.0,NO
101,4,1,1,1,2,2,0,0,0.0,35.0,NO
328,3,1,1,1,3,3,3,3,3.0,35.0,NO
54,0,0,0,0,0,0,0,0,0.0,35.0,NO
476,476,1,0,1,476,476,476,476,476.0,35.0,NO
56,0,0,0,0,0,0,0,0,0.0,35.0,NO
94,0,0,0,0,0,0,0,0,0.0,35.0,NO
61,61,1,0,1,61,61,61,61,61.0,35.0,NO
337,0,0,0,0,0,0,0,0,0.0,35.0,NO
72,0,0,0,0,0,0,0,0,0.0,35.0,NO
343,13,2,0,2,8,6,3,2,1.5,35.0,NO
167,5,1,0,1,3,3,1,1,1.0,35.0,NO
842,19,2,1,2,10,6,1,1,0.5,35.0,NO
867,11,1,0,1,6,6,1,1,1.0,35.0,NO
101,0,0,0,0,0,0,0,0,0.0,35.0,NO
84,84,1,0,1,84,84,84,84,84.0,35.0,NO
183,0,0,0,0,0,0,0,0,0.0,35.0,NO
223,0,0,0,0,0,0,0,0,0.0,35.0,NO
194,212,2,0,2,203,118,194,118,97.0,35.0,NO
165,0,0,0,0,0,0,0,0,0.0,35.0,NO
183,0,0,0,0,0,0,0,0,0.0,35.0,NO
140,0,0,0,0,0,0,0,0,0.0,35.0,NO
171,0,0,0,0,0,0,0,0,0.0,35.0,NO
243,0,0,0,0,0,0,0,0,0.0,35.0,NO
63,0,0,0,0,0,0,0,0,0.0,35.0,NO
422,1,1,1,1,1,1,1,1,1.0,35.0,NO
50,0,0,0,0,0,0,0,0,0.0,35.0,NO
40,0,0,0,0,0,0,0,0,0.0,35.0,NO
164,164,1,0,1,164,164,164,164,164.0,35.0,NO
84,0,0,0,0,0,0,0,0,0.0,35.0,NO
57,0,0,0,0,0,0,0,0,0.0,35.0,NO
380,0,0,0,0,0,0,0,0,0.0,35.0,NO
71,0,0,0,0,0,0,0,0,0.0,35.0,NO
261,261,1,0,1,261,261,261,261,261.0,35.0,NO
132,0,0,0,0,0,0,0,0,0.0,35.0,NO
33,0,0,0,0,0,0,0,0,0.0,35.0,NO
77,77,1,0,1,77,77,77,77,77.0,35.0,NO
179,179,1,0,1,179,179,179,179,179.0,35.0,NO
355,0,0,0,0,0,0,0,0,0.0,35.0,NO
2009,2033,2,0,2,2021,2009,2009,2009,1004.5,35.0,NO
383,0,0,0,0,0,0,0,0,0.0,35.0,NO
100,0,0,0,0,0,0,0,0,0.0,35.0,NO
141,5,1,1,1,4,4,3,3,3.0,35.0,NO
444,444,1,0,1,444,444,444,444,444.0,35.0,NO
54,0,0,0,0,0,0,0,0,0.0,35.0,NO
184,184,1,0,1,184,184,184,184,184.0,35.0,NO
301,2,1,1,1,1,1,0,0,0.0,35.0,NO
49,0,0,0,0,0,0,0,0,0.0,35.0,NO
27,0,0,0,0,0,0,0,0,0.0,35.0,NO
200,0,0,0,0,0,0,0,0,0.0,35.0,NO
77,0,0,0,0,0,0,0,0,0.0,35.0,NO
16883,0,0,0,0,0,0,0,0,0.0,35.0,NO
58,0,0,0,0,0,0,0,0,0.0,35.0,NO
846,0,0,0,0,0,0,0,0,0.0,35.0,NO
553,8,1,0,1,5,5,2,2,2.0,35.0,NO
106,106,1,0,1,106,106,106,106,106.0,35.0,NO
152,0,0,0,0,0,0,0,0,0.0,35.0,NO
72,0,0,0,0,0,0,0,0,0.0,35.0,NO
268,0,0,0,0,0,0,0,0,0.0,35.0,NO
47,0,0,0,0,0,0,0,0,0.0,35.0,NO
192,0,0,0,0,0,0,0,0,0.0,35.0,NO
75,0,0,0,0,0,0,0,0,0.0,35.0,NO
52,0,0,0,0,0,0,0,0,0.0,35.0,NO
104,15,1,1,1,9,9,3,3,3.0,35.0,NO
33,33,1,0,1,33,33,33,33,33.0,35.0,NO
86,7,1,1,1,5,5,3,3,3.0,35.0,NO
88,0,0,0,0,0,0,0,0,0.0,35.0,NO
62,0,0,0,0,0,0,0,0,0.0,35.0,NO
153,0,0,0,0,0,0,0,0,0.0,35.0,NO
48,0,0,0,0,0,0,0,0,0.0,35.0,NO
47,0,0,0,0,0,0,0,0,0.0,35.0,NO
53,5,1,1,1,0,0,-5,0,-5.0,35.0,NO
139,0,0,0,0,0,0,0,0,0.0,35.0,NO
37,0,0,0,0,0,0,0,0,0.0,35.0,NO
59,0,0,0,0,0,0,0,0,0.0,35.0,NO
109,0,0,0,0,0,0,0,0,0.0,35.0,NO
104,0,0,0,0,0,0,0,0,0.0,35.0,NO
28,0,0,0,0,0,0,0,0,0.0,35.0,NO
77,0,0,0,0,0,0,0,0,0.0,35.0,NO
39,0,0,0,0,0,0,0,0,0.0,35.0,NO
51,51,1,0,1,51,51,51,51,51.0,35.0,NO
624,0,0,0,0,0,0,0,0,0.0,35.0,NO
126,0,0,0,0,0,0,0,0,0.0,35.0,NO
63,0,0,0,0,0,0,0,0,0.0,35.0,NO
361,39,1,1,1,21,21,3,3,3.0,35.0,NO
54,0,0,0,0,0,0,0,0,0.0,35.0,NO
695,21,4,3,3,11,5,1,2,0.25,35.0,NO
74,74,1,0,1,74,74,74,74,74.0,35.0,NO
64,64,1,0,1,64,64,64,64,64.0,35.0,NO
